ProducerNode::timer_callback 70904165 71131634
ConsumerNode::cb 71147610 71648814
LoggerNode::cb 71151785 71652444
ConsumerNode::timer_cb 74602623 76604863
LoggerNode::timer_cb 78186741 80187814
ProducerNode::timer_callback 80883244 81126204
LoggerNode::cb 81144431 81645032
ConsumerNode::cb 81144589 81645355
ConsumerNode::timer_cb 84585007 86586170
LoggerNode::timer_cb 88184731 90186222
ConsumerNode::cb 91157336 91658652
ProducerNode::timer_callback 90875255 91691058
LoggerNode::cb 91715102 92215838
ConsumerNode::timer_cb 94581971 96582839
LoggerNode::timer_cb 98168699 100169247
ProducerNode::timer_callback 100879070 101450205
ConsumerNode::cb 101113107 101613543
LoggerNode::cb 101466756 101967447
ConsumerNode::timer_cb 104590997 106592600
LoggerNode::timer_cb 108173739 110176288
ProducerNode::timer_callback 110883791 111131428
LoggerNode::cb 111153781 111654575
ConsumerNode::cb 111153923 111654857
ConsumerNode::timer_cb 114583072 116583969
LoggerNode::timer_cb 118166995 120167789
ProducerNode::timer_callback 120855250 121086423
LoggerNode::cb 121104759 121605549
ConsumerNode::cb 121105181 121605906
ConsumerNode::timer_cb 124596927 126599430
LoggerNode::timer_cb 128191280 130193308
ProducerNode::timer_callback 130877227 131121903
LoggerNode::cb 131143793 131644493
ConsumerNode::cb 131143926 131644586
ConsumerNode::timer_cb 134588307 136589564
LoggerNode::timer_cb 138182118 140183675
ProducerNode::timer_callback 140882935 141130493
LoggerNode::cb 141162216 141663242
ConsumerNode::cb 141162069 141663341
ConsumerNode::timer_cb 144586593 146587856
LoggerNode::timer_cb 148198797 150199487
ProducerNode::timer_callback 150877324 151099212
LoggerNode::cb 151113257 151613705
ConsumerNode::cb 151112341 151613272
ConsumerNode::timer_cb 154593944 156595299
LoggerNode::timer_cb 158181045 160183381
ProducerNode::timer_callback 160883787 161130747
LoggerNode::cb 161157319 161657931
ConsumerNode::cb 161156972 161658140
ConsumerNode::timer_cb 164618493 166621510
LoggerNode::timer_cb 168176300 170177450
ProducerNode::timer_callback 170829320 171072469
LoggerNode::cb 171100786 171601698
ConsumerNode::cb 171100960 171602184
ConsumerNode::timer_cb 174594997 176597479
LoggerNode::timer_cb 178190023 180191906
ProducerNode::timer_callback 180887902 181130082
LoggerNode::cb 181160134 181661041
ConsumerNode::cb 181239348 181740625
ConsumerNode::timer_cb 184584504 186585429
LoggerNode::timer_cb 188188111 190189977
ProducerNode::timer_callback 190865415 191107661
LoggerNode::cb 191139988 191641383
ConsumerNode::cb 191140378 191641906
ConsumerNode::timer_cb 194590848 196592410
LoggerNode::timer_cb 198184506 200185489
ProducerNode::timer_callback 200888329 201121277
LoggerNode::cb 201141221 201641714
ConsumerNode::cb 201158989 201660490
ConsumerNode::timer_cb 204601395 206604391
LoggerNode::timer_cb 208179375 210182047
ProducerNode::timer_callback 210888436 211136492
LoggerNode::cb 211171702 211673279
ConsumerNode::cb 211248456 211749739
ConsumerNode::timer_cb 214623899 216627454
LoggerNode::timer_cb 218180212 220181592
ProducerNode::timer_callback 220860436 221106513
LoggerNode::cb 221139387 221640255
ConsumerNode::cb 221155939 221657033
ConsumerNode::timer_cb 224621327 226624921
LoggerNode::timer_cb 228199319 230201825
ProducerNode::timer_callback 230882594 231127951
LoggerNode::cb 231156762 231657461
ConsumerNode::cb 231230529 231731855
ConsumerNode::timer_cb 234623494 236627031
LoggerNode::timer_cb 238182432 240186035
ProducerNode::timer_callback 240896454 241165290
LoggerNode::cb 241199661 241700373
ConsumerNode::cb 241199275 241700748
ConsumerNode::timer_cb 244609179 246612677
LoggerNode::timer_cb 248185828 250186771
ProducerNode::timer_callback 250885420 251128003
LoggerNode::cb 251149347 251649946
ConsumerNode::cb 251149395 251650157
ConsumerNode::timer_cb 254618245 256622931
LoggerNode::timer_cb 258173826 260176840
ProducerNode::timer_callback 260884460 261133103
LoggerNode::cb 261161450 261662184
ConsumerNode::cb 261161537 261662594
ConsumerNode::timer_cb 264580656 266581489
LoggerNode::timer_cb 268178650 270179432
ProducerNode::timer_callback 270891582 271125635
LoggerNode::cb 271146490 271647068
ConsumerNode::cb 271146635 271647481
ConsumerNode::timer_cb 274598610 276601257
LoggerNode::timer_cb 278183868 280185070
ProducerNode::timer_callback 280881952 281124493
LoggerNode::cb 281143984 281644643
ConsumerNode::cb 281144103 281644762
ConsumerNode::timer_cb 284583061 286584113
LoggerNode::timer_cb 288202768 290203725
ProducerNode::timer_callback 290890636 291136558
ConsumerNode::cb 291158478 291659808
LoggerNode::cb 291166685 291667770
ConsumerNode::timer_cb 294593992 296595578
LoggerNode::timer_cb 298184873 300185810
ProducerNode::timer_callback 300877856 301112365
LoggerNode::cb 301131412 301631996
ConsumerNode::cb 301213874 301715319
ConsumerNode::timer_cb 304591572 306592976
LoggerNode::timer_cb 308163817 310166133
ProducerNode::timer_callback 310893281 311460637
ConsumerNode::cb 311165613 311666723
LoggerNode::cb 311482287 311982933
ConsumerNode::timer_cb 314580514 316581175
LoggerNode::timer_cb 318177192 320178379
ProducerNode::timer_callback 320870145 321111795
LoggerNode::cb 321138359 321639147
ConsumerNode::cb 321138176 321639376
ConsumerNode::timer_cb 324621118 326625800
LoggerNode::timer_cb 328170605 330173574
ProducerNode::timer_callback 330858548 331106314
LoggerNode::cb 331133214 331634090
ConsumerNode::cb 331133449 331635610
ConsumerNode::timer_cb 334585730 336587292
LoggerNode::timer_cb 338154579 340155897
ProducerNode::timer_callback 340854274 341105387
ConsumerNode::cb 341127744 341629399
LoggerNode::cb 341132246 341633318
ConsumerNode::timer_cb 344598595 346600905
LoggerNode::timer_cb 348207138 350211604
ProducerNode::timer_callback 350904245 351156434
LoggerNode::cb 351189473 351690103
ConsumerNode::cb 351188711 351690101
ConsumerNode::timer_cb 354612738 356616256
LoggerNode::timer_cb 358180385 360183009
ProducerNode::timer_callback 360902702 361163860
LoggerNode::cb 361203996 361704867
ConsumerNode::cb 361204421 361706162
ConsumerNode::timer_cb 364613841 366616456
LoggerNode::timer_cb 368181457 370185220
ProducerNode::timer_callback 370919606 371176622
LoggerNode::cb 371213765 371714928
ConsumerNode::cb 371213983 371715734
ConsumerNode::timer_cb 374611381 376616084
LoggerNode::timer_cb 378185327 380189499
ProducerNode::timer_callback 380877398 381128951
LoggerNode::cb 381162978 381663653
ConsumerNode::cb 381163138 381665152
ConsumerNode::timer_cb 384590944 386592830
LoggerNode::timer_cb 388154140 390156141
ProducerNode::timer_callback 390859983 391103501
LoggerNode::cb 391131675 391632603
ConsumerNode::cb 391131989 391633526
ConsumerNode::timer_cb 394603185 396605640
LoggerNode::timer_cb 398162774 400164380
ProducerNode::timer_callback 400852404 401096320
LoggerNode::cb 401122620 401623357
ConsumerNode::cb 401140179 401641658
ConsumerNode::timer_cb 404594774 406596412
LoggerNode::timer_cb 408157831 410159806
ProducerNode::timer_callback 410886319 411134165
LoggerNode::cb 411157966 411658710
ConsumerNode::cb 411157972 411658957
ConsumerNode::timer_cb 414580279 416580959
LoggerNode::timer_cb 418158981 420159801
ProducerNode::timer_callback 420840425 421077001
LoggerNode::cb 421102582 421603433
ConsumerNode::cb 421102757 421603995
ConsumerNode::timer_cb 424596480 426599533
LoggerNode::timer_cb 428163407 430165506
ProducerNode::timer_callback 430851268 431096861
LoggerNode::cb 431125901 431626632
ConsumerNode::cb 431201940 431703565
ConsumerNode::timer_cb 434588408 436589891
LoggerNode::timer_cb 438170581 440173955
ProducerNode::timer_callback 440901613 441180961
ConsumerNode::cb 441211937 441713452
LoggerNode::cb 441231378 441732511
ConsumerNode::timer_cb 444616700 446621508
LoggerNode::timer_cb 448171762 450172941
ProducerNode::timer_callback 450852860 451095257
LoggerNode::cb 451118152 451618726
ConsumerNode::cb 451118047 451618840
ConsumerNode::timer_cb 454608955 456613061
LoggerNode::timer_cb 458186210 460191166
ProducerNode::timer_callback 460912163 461161800
LoggerNode::cb 461199339 461700461
ConsumerNode::cb 461208568 461710169
ConsumerNode::timer_cb 464582284 466583036
LoggerNode::timer_cb 468182098 470183217
ProducerNode::timer_callback 470886539 471117741
LoggerNode::cb 471142890 471643637
ConsumerNode::cb 471164932 471666019
ConsumerNode::timer_cb 474614822 476619077
LoggerNode::timer_cb 478208849 480211438
ProducerNode::timer_callback 480896591 481140846
LoggerNode::cb 481170254 481671054
ConsumerNode::cb 481246544 481747942
ConsumerNode::timer_cb 484585674 486587133
LoggerNode::timer_cb 488198443 490199676
ProducerNode::timer_callback 490852833 491088910
ConsumerNode::cb 491108523 491610033
LoggerNode::cb 491109669 491610379
ConsumerNode::timer_cb 494602058 496604400
LoggerNode::timer_cb 498188031 500189134
ProducerNode::timer_callback 500882278 501120258
LoggerNode::cb 501144902 501645533
ConsumerNode::cb 501157640 501658932
ConsumerNode::timer_cb 504594927 506596502
LoggerNode::timer_cb 508178583 510180596
ProducerNode::timer_callback 510886944 511132302
LoggerNode::cb 511164237 511665095
ConsumerNode::cb 511174869 511676120
ConsumerNode::timer_cb 514623891 516627435
LoggerNode::timer_cb 518193836 520196491
ProducerNode::timer_callback 520856708 521105086
ConsumerNode::cb 521130129 521631293
LoggerNode::cb 521132637 521633476
ConsumerNode::timer_cb 524605433 526607444
LoggerNode::timer_cb 528192080 530193871
ProducerNode::timer_callback 530880596 531124445
LoggerNode::cb 531154592 531655409
ConsumerNode::cb 531232153 531733820
ConsumerNode::timer_cb 534587181 536588376
LoggerNode::timer_cb 538190056 540191137
ProducerNode::timer_callback 540851567 541083943
ConsumerNode::cb 541101967 541603375
LoggerNode::cb 541103460 541604227
ConsumerNode::timer_cb 544598137 546601187
LoggerNode::timer_cb 548190456 550192249
ProducerNode::timer_callback 550879143 551110482
LoggerNode::cb 551132738 551633398
ConsumerNode::cb 551150174 551651601
ConsumerNode::timer_cb 554596055 556597896
LoggerNode::timer_cb 558164618 560166180
ProducerNode::timer_callback 560899771 561146134
LoggerNode::cb 561168818 561669581
ConsumerNode::cb 561168991 561669780
ConsumerNode::timer_cb 564589856 566591336
LoggerNode::timer_cb 568201334 570202374
ProducerNode::timer_callback 570851079 571085649
LoggerNode::cb 571105426 571606276
ConsumerNode::cb 571105458 571606392
ConsumerNode::timer_cb 574586150 576588383
LoggerNode::timer_cb 578191440 580192881
ProducerNode::timer_callback 580884421 581125773
LoggerNode::cb 581142727 581643388
ConsumerNode::cb 581142899 581643521
ConsumerNode::timer_cb 584622214 586626129
LoggerNode::timer_cb 588187031 590188338
ProducerNode::timer_callback 590893174 591142368
LoggerNode::cb 591161296 591662046
ConsumerNode::cb 591161465 591662117
ConsumerNode::timer_cb 594601708 596604733
LoggerNode::timer_cb 598185239 600186582
ProducerNode::timer_callback 600879760 601123537
LoggerNode::cb 601140322 601640934
ConsumerNode::cb 601140506 601641141
ConsumerNode::timer_cb 604593414 606595087
LoggerNode::timer_cb 608189663 610191239
ProducerNode::timer_callback 610891229 611136798
LoggerNode::cb 611163175 611663665
ConsumerNode::cb 611162630 611663659
ConsumerNode::timer_cb 614616780 616620349
LoggerNode::timer_cb 618183551 620184751
ProducerNode::timer_callback 620869284 621114489
ConsumerNode::cb 621138917 621640201
LoggerNode::cb 621141116 621642112
ConsumerNode::timer_cb 624582007 626584092
LoggerNode::timer_cb 628208115 630210880
ProducerNode::timer_callback 630882040 631126884
LoggerNode::cb 631155932 631656705
ConsumerNode::cb 631235900 631737382
ConsumerNode::timer_cb 634587110 636588276
LoggerNode::timer_cb 638175230 640178158
ProducerNode::timer_callback 640907530 641174746
LoggerNode::cb 641206014 641707009
ConsumerNode::cb 641206146 641707340
ConsumerNode::timer_cb 644612650 646616353
LoggerNode::timer_cb 648204782 650205778
ProducerNode::timer_callback 650888685 651135883
LoggerNode::cb 651158217 651658889
ConsumerNode::cb 651158100 651659108
ConsumerNode::timer_cb 654593376 656595375
LoggerNode::timer_cb 658159459 660162001
ProducerNode::timer_callback 660911341 661166014
LoggerNode::cb 661196478 661697520
ConsumerNode::cb 661196027 661697714
ConsumerNode::timer_cb 664586845 666588264
LoggerNode::timer_cb 668181540 670182992
ProducerNode::timer_callback 670891057 671129450
LoggerNode::cb 671150438 671651075
ConsumerNode::cb 671150588 671651788
ConsumerNode::timer_cb 674584390 676585925
LoggerNode::timer_cb 678169662 680173028
ProducerNode::timer_callback 680853364 681101928
LoggerNode::cb 681128110 681628722
ConsumerNode::cb 681128014 681628978
ConsumerNode::timer_cb 684588869 686590691
LoggerNode::timer_cb 688183354 690185078
ProducerNode::timer_callback 690881768 691130186
LoggerNode::cb 691149294 691649993
ConsumerNode::cb 691149450 691650312
ConsumerNode::timer_cb 694589984 696591130
LoggerNode::timer_cb 698182890 700183867
ProducerNode::timer_callback 700881353 701113555
LoggerNode::cb 701129128 701629761
ConsumerNode::cb 701129318 701629911
ConsumerNode::timer_cb 704624844 706628969
LoggerNode::timer_cb 708186134 710187298
ProducerNode::timer_callback 710881684 711126868
LoggerNode::cb 711144906 711645387
ConsumerNode::cb 711144697 711645572
ConsumerNode::timer_cb 714614309 716617800
LoggerNode::timer_cb 718186156 720187237
ProducerNode::timer_callback 720878835 721135193
LoggerNode::cb 721153165 721653663
ConsumerNode::cb 721152806 721653593
ConsumerNode::timer_cb 724624255 726627690
LoggerNode::timer_cb 728186899 730188005
ProducerNode::timer_callback 730878178 731124696
LoggerNode::cb 731143171 731643836
ConsumerNode::cb 731143169 731643886
ConsumerNode::timer_cb 734623606 736627430
LoggerNode::timer_cb 738155751 740156847
ProducerNode::timer_callback 740869931 741120553
LoggerNode::cb 741139564 741640159
ConsumerNode::cb 741139571 741640295
ConsumerNode::timer_cb 744586171 746587169
LoggerNode::timer_cb 748175421 750176420
ProducerNode::timer_callback 750878095 751095307
LoggerNode::cb 751108763 751609354
ConsumerNode::cb 751108980 751609616
ConsumerNode::timer_cb 754615061 756618545
LoggerNode::timer_cb 758186931 760188155
ProducerNode::timer_callback 760882003 761128123
LoggerNode::cb 761146519 761647153
ConsumerNode::cb 761146581 761647309
ConsumerNode::timer_cb 764622758 766626272
LoggerNode::timer_cb 768186528 770187733
ProducerNode::timer_callback 770880263 771130599
LoggerNode::cb 771148889 771649430
ConsumerNode::cb 771148507 771649418
ConsumerNode::timer_cb 774622804 776626140
LoggerNode::timer_cb 778185780 780186958
ProducerNode::timer_callback 780878742 781125301
LoggerNode::cb 781143252 781643887
ConsumerNode::cb 781143257 781643952
ConsumerNode::timer_cb 784622741 786626467
LoggerNode::timer_cb 788185340 790186757
ProducerNode::timer_callback 790878639 791126212
LoggerNode::cb 791145028 791645705
ConsumerNode::cb 791145058 791645752
ConsumerNode::timer_cb 794581482 796582182
LoggerNode::timer_cb 798197064 800198013
ProducerNode::timer_callback 800877264 801095475
LoggerNode::cb 801109346 801609776
ConsumerNode::cb 801108883 801609689
ConsumerNode::timer_cb 804624194 806628021
LoggerNode::timer_cb 808186830 810188000
ProducerNode::timer_callback 810873232 811120955
LoggerNode::cb 811139625 811640223
ConsumerNode::cb 811139629 811640433
ConsumerNode::timer_cb 814585912 816586891
LoggerNode::timer_cb 818162547 820163495
ProducerNode::timer_callback 820878011 821095969
ConsumerNode::cb 821109573 821610432
LoggerNode::cb 821110869 821611367
ConsumerNode::timer_cb 824589508 826591372
LoggerNode::timer_cb 828176353 830178048
ProducerNode::timer_callback 830880097 831125428
LoggerNode::cb 831144416 831645126
ConsumerNode::cb 831144539 831645220
ConsumerNode::timer_cb 834623028 836626418
LoggerNode::timer_cb 838158057 840161216
ProducerNode::timer_callback 840888450 841147013
ConsumerNode::cb 841180217 841681667
LoggerNode::cb 841211703 841712786
ConsumerNode::timer_cb 844592019 846593638
LoggerNode::timer_cb 848186359 850187424
ProducerNode::timer_callback 850877738 851116282
LoggerNode::cb 851132400 851632938
ConsumerNode::cb 851132572 851633195
ConsumerNode::timer_cb 854586983 856588207
LoggerNode::timer_cb 858152411 860153725
ProducerNode::timer_callback 860870459 861122586
LoggerNode::cb 861148575 861649322
ConsumerNode::cb 861148371 861649364
ConsumerNode::timer_cb 864594662 866595935
LoggerNode::timer_cb 868184230 870185146
ProducerNode::timer_callback 870876925 871118766
LoggerNode::cb 871136896 871637495
ConsumerNode::cb 871137027 871637650
ConsumerNode::timer_cb 874622591 876626566
LoggerNode::timer_cb 878187128 880188568
ProducerNode::timer_callback 880881653 881130262
LoggerNode::cb 881150294 881650826
ConsumerNode::cb 881150152 881651011
ConsumerNode::timer_cb 884587539 886588975
LoggerNode::timer_cb 888180552 890181636
ProducerNode::timer_callback 890877392 891103497
LoggerNode::cb 891118429 891619012
ConsumerNode::cb 891118621 891619248
ConsumerNode::timer_cb 894588180 896589193
LoggerNode::timer_cb 898198920 900199852
ProducerNode::timer_callback 900879067 901098556
LoggerNode::cb 901111887 901612458
ConsumerNode::cb 901112082 901612763
ConsumerNode::timer_cb 904624789 906628693
LoggerNode::timer_cb 908187997 910189074
ProducerNode::timer_callback 910881983 911129194
LoggerNode::cb 911147432 911648104
ConsumerNode::cb 911147462 911648164
ConsumerNode::timer_cb 914616982 916621716
LoggerNode::timer_cb 918187972 920189754
ProducerNode::timer_callback 920878147 921139764
LoggerNode::cb 921163744 921664456
ConsumerNode::cb 921163600 921664610
ConsumerNode::timer_cb 924593885 926595047
LoggerNode::timer_cb 928186104 930187270
ProducerNode::timer_callback 930878770 931114572
LoggerNode::cb 931129169 931629803
ConsumerNode::cb 931129325 931629929
ConsumerNode::timer_cb 934585584 936586594
LoggerNode::timer_cb 938170810 940171713
ProducerNode::timer_callback 940847814 941070990
LoggerNode::cb 941085683 941586220
ConsumerNode::cb 941085848 941586389
ConsumerNode::timer_cb 944623277 946625371
LoggerNode::timer_cb 948179324 950180244
ProducerNode::timer_callback 950879845 951110156
LoggerNode::cb 951123996 951624565
ConsumerNode::cb 951124101 951624671
ConsumerNode::timer_cb 954623980 956628799
LoggerNode::timer_cb 958174774 960175926
ProducerNode::timer_callback 960878334 961125718
LoggerNode::cb 961146199 961646905
ConsumerNode::cb 961146393 961647158
ConsumerNode::timer_cb 964664408 966667782
LoggerNode::timer_cb 968188153 970189220
ProducerNode::timer_callback 970878507 971128433
LoggerNode::cb 971147397 971648101
ConsumerNode::cb 971147380 971648164
ConsumerNode::timer_cb 974622530 976625867
LoggerNode::timer_cb 978187174 980188261
ProducerNode::timer_callback 980882227 981129766
LoggerNode::cb 981147273 981647939
ConsumerNode::cb 981147282 981648000
ConsumerNode::timer_cb 984635902 986639887
LoggerNode::timer_cb 988177453 990178792
ProducerNode::timer_callback 990879155 991126553
LoggerNode::cb 991146132 991646761
ConsumerNode::cb 991146234 991646856
ConsumerNode::timer_cb 994632608 996634437
LoggerNode::timer_cb 998181567 1000182611
ProducerNode::timer_callback 1000881092 1001110957
LoggerNode::cb 1001125560 1001626226
ConsumerNode::cb 1001125751 1001626402
ConsumerNode::timer_cb 1004625174 1006630127
LoggerNode::timer_cb 1008191084 1010192273
ProducerNode::timer_callback 1010878560 1011125627
LoggerNode::cb 1011144862 1011645511
ConsumerNode::cb 1011144863 1011645653
ConsumerNode::timer_cb 1014621483 1016624887
LoggerNode::timer_cb 1018185902 1020186954
ProducerNode::timer_callback 1020860183 1021119280
ConsumerNode::cb 1021144660 1021645993
LoggerNode::cb 1021147180 1021648143
ConsumerNode::timer_cb 1024601482 1026604284
LoggerNode::timer_cb 1028185622 1030186522
ProducerNode::timer_callback 1030884926 1031126414
LoggerNode::cb 1031151665 1031652263
ConsumerNode::cb 1031232513 1031733882
ConsumerNode::timer_cb 1034624176 1036627620
LoggerNode::timer_cb 1038181025 1040182552
ProducerNode::timer_callback 1040885717 1041154233
ConsumerNode::cb 1041185853 1041687592
LoggerNode::cb 1041189071 1041690126
ConsumerNode::timer_cb 1044602609 1046605429
LoggerNode::timer_cb 1048156644 1050158039
ProducerNode::timer_callback 1050892523 1051124055
LoggerNode::cb 1051150645 1051651349
ConsumerNode::cb 1051163772 1051664748
ConsumerNode::timer_cb 1054588785 1056590138
LoggerNode::timer_cb 1058176595 1060177567
ProducerNode::timer_callback 1060883603 1061130323
LoggerNode::cb 1061155854 1061656904
ConsumerNode::cb 1061156007 1061657038
ConsumerNode::timer_cb 1064610968 1066614977
LoggerNode::timer_cb 1068212530 1070214242
ProducerNode::timer_callback 1070881762 1071131243
LoggerNode::cb 1071155572 1071656121
ConsumerNode::cb 1071155259 1071656051
ConsumerNode::timer_cb 1074617889 1076621665
LoggerNode::timer_cb 1078206442 1080207564
ProducerNode::timer_callback 1080884241 1081132474
LoggerNode::cb 1081150546 1081651116
ConsumerNode::cb 1081150493 1081651245
ConsumerNode::timer_cb 1084584552 1086585461
LoggerNode::timer_cb 1088169302 1090170249
ProducerNode::timer_callback 1090877508 1091099328
LoggerNode::cb 1091114090 1091614666
ConsumerNode::cb 1091114275 1091614897
ConsumerNode::timer_cb 1094623796 1096627571
LoggerNode::timer_cb 1098204985 1100206378
ProducerNode::timer_callback 1100877754 1101125223
LoggerNode::cb 1101143044 1101643657
ConsumerNode::cb 1101143136 1101643726
ConsumerNode::timer_cb 1104624082 1106628584
LoggerNode::timer_cb 1108173640 1110174706
ProducerNode::timer_callback 1110880855 1111128761
LoggerNode::cb 1111147112 1111647690
ConsumerNode::cb 1111147065 1111647770
ConsumerNode::timer_cb 1114585801 1116586804
LoggerNode::timer_cb 1118176906 1120177863
ProducerNode::timer_callback 1120884410 1121105025
ConsumerNode::cb 1121117161 1121618018
LoggerNode::cb 1121119119 1121619642
ConsumerNode::timer_cb 1124617116 1126620936
LoggerNode::timer_cb 1128190133 1130192893
ProducerNode::timer_callback 1130887738 1131136266
LoggerNode::cb 1131157415 1131658006
ConsumerNode::cb 1131157273 1131658364
ConsumerNode::timer_cb 1134623649 1136627013
LoggerNode::timer_cb 1138155103 1140156163
ProducerNode::timer_callback 1140872911 1141118847
ConsumerNode::cb 1141137610 1141638234
LoggerNode::cb 1141137609 1141638236
ConsumerNode::timer_cb 1144621617 1146626140
LoggerNode::timer_cb 1148186222 1150187309
ProducerNode::timer_callback 1150880006 1151124790
LoggerNode::cb 1151141780 1151642422
ConsumerNode::cb 1151141877 1151642479
ConsumerNode::timer_cb 1154584984 1156585971
LoggerNode::timer_cb 1158195985 1160196988
ProducerNode::timer_callback 1160877574 1161099542
LoggerNode::cb 1161113591 1161614152
ConsumerNode::cb 1161113740 1161614369
ConsumerNode::timer_cb 1164622076 1166625895
LoggerNode::timer_cb 1168185447 1170186494
ProducerNode::timer_callback 1170875944 1171125102
LoggerNode::cb 1171143336 1171644017
ConsumerNode::cb 1171143333 1171644110
ConsumerNode::timer_cb 1174581218 1176581931
LoggerNode::timer_cb 1178196395 1180197330
ProducerNode::timer_callback 1180880698 1181101494
LoggerNode::cb 1181114596 1181615140
ConsumerNode::cb 1181114812 1181615489
ConsumerNode::timer_cb 1184622147 1186625933
LoggerNode::timer_cb 1188156193 1190157769
ProducerNode::timer_callback 1190879458 1191126684
LoggerNode::cb 1191144072 1191644706
ConsumerNode::cb 1191144211 1191644836
ConsumerNode::timer_cb 1194585886 1196586984
LoggerNode::timer_cb 1198197432 1200198382
ProducerNode::timer_callback 1200892888 1201111501
LoggerNode::cb 1201126024 1201626625
ConsumerNode::cb 1201126236 1201626937
ConsumerNode::timer_cb 1204589282 1206591067
LoggerNode::timer_cb 1208208997 1210210185
ProducerNode::timer_callback 1210878205 1211105954
LoggerNode::cb 1211120226 1211620840
ConsumerNode::cb 1211120407 1211621041
ConsumerNode::timer_cb 1214622363 1216626131
LoggerNode::timer_cb 1218188740 1220189799
ProducerNode::timer_callback 1220878829 1221127131
LoggerNode::cb 1221145864 1221646463
ConsumerNode::cb 1221145903 1221646587
ConsumerNode::timer_cb 1224587906 1226589429
LoggerNode::timer_cb 1228183066 1230184018
ProducerNode::timer_callback 1230887266 1231125242
LoggerNode::cb 1231141876 1231642477
ConsumerNode::cb 1231142014 1231642627
ConsumerNode::timer_cb 1234622155 1236625764
LoggerNode::timer_cb 1238157199 1240158706
ProducerNode::timer_callback 1240871224 1241137734
LoggerNode::cb 1241172466 1241673598
ConsumerNode::cb 1241172491 1241673787
ConsumerNode::timer_cb 1244598446 1246600351
LoggerNode::timer_cb 1248182019 1250182810
ProducerNode::timer_callback 1250882377 1251121813
LoggerNode::cb 1251137420 1251637966
ConsumerNode::cb 1251137313 1251638043
ConsumerNode::timer_cb 1254588768 1256589929
LoggerNode::timer_cb 1258175771 1260176571
ProducerNode::timer_callback 1260877059 1261102707
LoggerNode::cb 1261116144 1261616707
ConsumerNode::cb 1261116160 1261616782
ConsumerNode::timer_cb 1264613434 1266617599
LoggerNode::timer_cb 1268164962 1270167379
ProducerNode::timer_callback 1270894727 1271143127
LoggerNode::cb 1271170497 1271671232
ConsumerNode::cb 1271170525 1271671446
ConsumerNode::timer_cb 1274621606 1276625214
LoggerNode::timer_cb 1278201891 1280202954
ProducerNode::timer_callback 1280877736 1281123688
LoggerNode::cb 1281141999 1281642431
ConsumerNode::cb 1281141626 1281642429
ConsumerNode::timer_cb 1284584156 1286585092
LoggerNode::timer_cb 1288147445 1290148355
ProducerNode::timer_callback 1290876796 1291097481
LoggerNode::cb 1291110578 1291611083
ConsumerNode::cb 1291110739 1291611369
ConsumerNode::timer_cb 1294578683 1296579206
LoggerNode::timer_cb 1298193882 1300194811
ProducerNode::timer_callback 1300877724 1301094953
LoggerNode::cb 1301107910 1301608481
ConsumerNode::cb 1301108081 1301608735
ConsumerNode::timer_cb 1304616950 1306620439
LoggerNode::timer_cb 1308203763 1310204934
ProducerNode::timer_callback 1310881071 1311128832
LoggerNode::cb 1311148026 1311648634
ConsumerNode::cb 1311148034 1311648723
ConsumerNode::timer_cb 1314618209 1316621605
LoggerNode::timer_cb 1318206356 1320207387
ProducerNode::timer_callback 1320877814 1321124310
LoggerNode::cb 1321146602 1321647264
ConsumerNode::cb 1321146628 1321647349
ConsumerNode::timer_cb 1324628272 1326633428
LoggerNode::timer_cb 1328206309 1330207569
ProducerNode::timer_callback 1330879083 1331126008
LoggerNode::cb 1331144023 1331644662
ConsumerNode::cb 1331144038 1331644724
ConsumerNode::timer_cb 1334657931 1336661845
LoggerNode::timer_cb 1338154023 1340155063
ProducerNode::timer_callback 1340880408 1341127648
LoggerNode::cb 1341146590 1341647222
ConsumerNode::cb 1341146592 1341647306
ConsumerNode::timer_cb 1344586263 1346587249
LoggerNode::timer_cb 1348175006 1350175945
ProducerNode::timer_callback 1350876886 1351093131
LoggerNode::cb 1351106455 1351606996
ConsumerNode::cb 1351106687 1351607339
ConsumerNode::timer_cb 1354627668 1356632506
LoggerNode::timer_cb 1358214837 1360216223
ProducerNode::timer_callback 1360885960 1361132810
LoggerNode::cb 1361151633 1361652272
ConsumerNode::cb 1361151658 1361652402
ConsumerNode::timer_cb 1364662219 1366665940
LoggerNode::timer_cb 1368188659 1370189701
ProducerNode::timer_callback 1370878142 1371128211
ConsumerNode::cb 1371144697 1371645588
LoggerNode::cb 1371145743 1371646234
ConsumerNode::timer_cb 1374595537 1376597263
LoggerNode::timer_cb 1378185046 1380189709
ProducerNode::timer_callback 1380888365 1381153542
ConsumerNode::cb 1381187291 1381689191
LoggerNode::cb 1381189632 1381690642
ConsumerNode::timer_cb 1384589995 1386590977
LoggerNode::timer_cb 1388156170 1390157109
ProducerNode::timer_callback 1390881226 1391112762
LoggerNode::cb 1391130392 1391630906
ConsumerNode::cb 1391152008 1391653212
ConsumerNode::timer_cb 1394584089 1396584948
LoggerNode::timer_cb 1398167788 1400168504
ProducerNode::timer_callback 1400880897 1401093798
LoggerNode::cb 1401104375 1401604772
ConsumerNode::cb 1401197772 1401699094
ConsumerNode::timer_cb 1404619952 1406624100
LoggerNode::timer_cb 1408202112 1410204512
ProducerNode::timer_callback 1410880480 1411124343
LoggerNode::cb 1411148659 1411649222
ConsumerNode::cb 1411226692 1411728102
ConsumerNode::timer_cb 1414624388 1416627791
LoggerNode::timer_cb 1418204804 1420205910
ProducerNode::timer_callback 1420878901 1421123308
LoggerNode::cb 1421150279 1421651467
ConsumerNode::cb 1421163777 1421665121
ConsumerNode::timer_cb 1424648250 1426652621
LoggerNode::timer_cb 1428186534 1430187733
ProducerNode::timer_callback 1430878105 1431122690
LoggerNode::cb 1431146974 1431647547
ConsumerNode::cb 1431226079 1431727353
ConsumerNode::timer_cb 1434623589 1436627125
LoggerNode::timer_cb 1438168155 1440169669
ProducerNode::timer_callback 1440889191 1441153619
LoggerNode::cb 1441192660 1441694106
ConsumerNode::cb 1441192614 1441695228
ConsumerNode::timer_cb 1444605897 1446607955
LoggerNode::timer_cb 1448191946 1450193075
ProducerNode::timer_callback 1450886731 1451123582
LoggerNode::cb 1451148728 1451649703
ConsumerNode::cb 1451231001 1451732540
ConsumerNode::timer_cb 1454588864 1456590000
LoggerNode::timer_cb 1458198144 1460199129
ProducerNode::timer_callback 1460879547 1461102789
LoggerNode::cb 1461120940 1461621467
ConsumerNode::cb 1461204495 1461705750
ConsumerNode::timer_cb 1464591469 1466593278
LoggerNode::timer_cb 1468171864 1470175015
ProducerNode::timer_callback 1470896733 1471145134
LoggerNode::cb 1471180998 1471682198
ConsumerNode::cb 1471193716 1471695980
ConsumerNode::timer_cb 1474588037 1476589110
LoggerNode::timer_cb 1478180879 1480181876
ProducerNode::timer_callback 1480878532 1481095274
LoggerNode::cb 1481108646 1481609116
ConsumerNode::cb 1481202066 1481703410
ConsumerNode::timer_cb 1484582288 1486583048
LoggerNode::timer_cb 1488147899 1490149015
ProducerNode::timer_callback 1490878096 1491095693
LoggerNode::cb 1491109566 1491610109
ConsumerNode::cb 1491205011 1491706282
ConsumerNode::timer_cb 1494588860 1496589984
LoggerNode::timer_cb 1498171594 1500172542
ProducerNode::timer_callback 1500877860 1501093642
LoggerNode::cb 1501107548 1501608058
ConsumerNode::cb 1501194394 1501695704
ConsumerNode::timer_cb 1504587662 1506588702
LoggerNode::timer_cb 1508194572 1510195575
ProducerNode::timer_callback 1510879529 1511099982
LoggerNode::cb 1511114995 1511615507
ConsumerNode::cb 1511206864 1511708252
ConsumerNode::timer_cb 1514624282 1516627674
LoggerNode::timer_cb 1518201067 1520202156
ProducerNode::timer_callback 1520877595 1521122109
LoggerNode::cb 1521146469 1521647114
ConsumerNode::cb 1521225385 1521726845
ConsumerNode::timer_cb 1524587475 1526588485
LoggerNode::timer_cb 1528191666 1530192671
ProducerNode::timer_callback 1530881261 1531098468
LoggerNode::cb 1531115577 1531616262
ConsumerNode::cb 1531204736 1531706000
ConsumerNode::timer_cb 1534623132 1536626498
LoggerNode::timer_cb 1538164386 1540166232
ProducerNode::timer_callback 1540883199 1541127317
LoggerNode::cb 1541155091 1541655718
ConsumerNode::cb 1541232816 1541734517
ConsumerNode::timer_cb 1544587117 1546588182
LoggerNode::timer_cb 1548182915 1550183920
ProducerNode::timer_callback 1550879670 1551095504
LoggerNode::cb 1551111908 1551612624
ConsumerNode::cb 1551197291 1551698462
ConsumerNode::timer_cb 1554586620 1556587725
LoggerNode::timer_cb 1558175748 1560176780
ProducerNode::timer_callback 1560880793 1561097076
LoggerNode::cb 1561114835 1561615470
ConsumerNode::cb 1561200666 1561701772
ConsumerNode::timer_cb 1564622399 1566626185
LoggerNode::timer_cb 1568187735 1570189032
ProducerNode::timer_callback 1570881559 1571126112
LoggerNode::cb 1571153474 1571654312
ConsumerNode::cb 1571235358 1571737012
ConsumerNode::timer_cb 1574655033 1576658691
LoggerNode::timer_cb 1578188460 1580189555
ProducerNode::timer_callback 1580881418 1581126653
LoggerNode::cb 1581150489 1581651007
ConsumerNode::cb 1581233158 1581734547
ConsumerNode::timer_cb 1584622959 1586626765
LoggerNode::timer_cb 1588218976 1590220832
ProducerNode::timer_callback 1590883988 1591131618
LoggerNode::cb 1591150326 1591650807
ConsumerNode::cb 1591149929 1591650798
ConsumerNode::timer_cb 1594585794 1596586853
LoggerNode::timer_cb 1598193584 1600194576
ProducerNode::timer_callback 1600881358 1601097547
LoggerNode::cb 1601110758 1601611306
ConsumerNode::cb 1601110890 1601611552
ConsumerNode::timer_cb 1604621541 1606625786
LoggerNode::timer_cb 1608187193 1610188312
ProducerNode::timer_callback 1610878298 1611124434
LoggerNode::cb 1611143451 1611643916
ConsumerNode::cb 1611143041 1611643902
ConsumerNode::timer_cb 1614622476 1616626289
LoggerNode::timer_cb 1618202985 1620204251
ProducerNode::timer_callback 1620887981 1621135503
LoggerNode::cb 1621154036 1621654659
ConsumerNode::cb 1621154129 1621654759
ConsumerNode::timer_cb 1624587435 1626589148
LoggerNode::timer_cb 1628206213 1630208799
ProducerNode::timer_callback 1630882299 1631129388
LoggerNode::cb 1631152037 1631652687
ConsumerNode::cb 1631151911 1631652909
ConsumerNode::timer_cb 1634580229 1636580809
LoggerNode::timer_cb 1638151165 1640152845
ProducerNode::timer_callback 1640873650 1641137744
LoggerNode::cb 1641184893 1641686088
ConsumerNode::cb 1641185057 1641687233
ConsumerNode::timer_cb 1644609969 1646613261
LoggerNode::timer_cb 1648187932 1650189208
ProducerNode::timer_callback 1650882092 1651124288
LoggerNode::cb 1651147777 1651648331
ConsumerNode::cb 1651229130 1651730775
ConsumerNode::timer_cb 1654614703 1656618881
LoggerNode::timer_cb 1658202954 1660204289
ProducerNode::timer_callback 1660878007 1661123303
LoggerNode::cb 1661147632 1661648166
ConsumerNode::cb 1661227567 1661729226
ConsumerNode::timer_cb 1664625088 1666628453
LoggerNode::timer_cb 1668184394 1670190234
ProducerNode::timer_callback 1670913009 1671179664
LoggerNode::cb 1671210615 1671711554
ConsumerNode::cb 1671210444 1671712012
ConsumerNode::timer_cb 1674587702 1676588744
LoggerNode::timer_cb 1678178446 1680179308
ProducerNode::timer_callback 1680878683 1681104168
LoggerNode::cb 1681120791 1681621374
ConsumerNode::cb 1681120954 1681621714
ConsumerNode::timer_cb 1684582154 1686582971
LoggerNode::timer_cb 1688149759 1690151147
ProducerNode::timer_callback 1690879500 1691099398
LoggerNode::cb 1691119634 1691620238
ConsumerNode::cb 1691137277 1691638445
ConsumerNode::timer_cb 1694585566 1696586613
LoggerNode::timer_cb 1698174964 1700175949
ProducerNode::timer_callback 1700880057 1701098386
LoggerNode::cb 1701116283 1701616921
ConsumerNode::cb 1701134297 1701635449
ConsumerNode::timer_cb 1704580195 1706580876
LoggerNode::timer_cb 1708185828 1710186912
ProducerNode::timer_callback 1710880878 1711099277
LoggerNode::cb 1711116962 1711617559
ConsumerNode::cb 1711212463 1711713632
ConsumerNode::timer_cb 1714581046 1716581728
LoggerNode::timer_cb 1718193005 1720194009
ProducerNode::timer_callback 1720879875 1721093625
LoggerNode::cb 1721109626 1721610352
ConsumerNode::cb 1721199126 1721700193
ConsumerNode::timer_cb 1724581890 1726582638
LoggerNode::timer_cb 1728218866 1730220370
ProducerNode::timer_callback 1730883788 1731113591
LoggerNode::cb 1731136169 1731636829
ConsumerNode::cb 1731221374 1731722646
ConsumerNode::timer_cb 1734581437 1736582012
LoggerNode::timer_cb 1738146471 1740147615
ProducerNode::timer_callback 1740892037 1741108028
LoggerNode::cb 1741124944 1741625555
ConsumerNode::cb 1741210740 1741711864
ConsumerNode::timer_cb 1744581929 1746582662
LoggerNode::timer_cb 1748191640 1750192674
ProducerNode::timer_callback 1750879656 1751094098
LoggerNode::cb 1751110415 1751611008
ConsumerNode::cb 1751199253 1751700375
ConsumerNode::timer_cb 1754585556 1756586554
LoggerNode::timer_cb 1758195433 1760196385
ProducerNode::timer_callback 1760880815 1761097478
LoggerNode::cb 1761116647 1761617260
ConsumerNode::cb 1761201786 1761703056
ConsumerNode::timer_cb 1764622148 1766625501
LoggerNode::timer_cb 1768214440 1770215646
ProducerNode::timer_callback 1770886439 1771130750
LoggerNode::cb 1771158355 1771659159
ConsumerNode::cb 1771238774 1771740330
ConsumerNode::timer_cb 1774622783 1776626160
LoggerNode::timer_cb 1778206456 1780207597
ProducerNode::timer_callback 1780881753 1781126349
LoggerNode::cb 1781149973 1781650518
ConsumerNode::cb 1781230588 1781732062
ConsumerNode::timer_cb 1784586843 1786587839
LoggerNode::timer_cb 1788143547 1790144601
ProducerNode::timer_callback 1790879724 1791096199
LoggerNode::cb 1791109401 1791609946
ConsumerNode::cb 1791151132 1791652467
ConsumerNode::timer_cb 1794587078 1796588121
LoggerNode::timer_cb 1798172420 1800173373
ProducerNode::timer_callback 1800877943 1801091765
LoggerNode::cb 1801104482 1801604946
ConsumerNode::cb 1801206817 1801708101
ConsumerNode::timer_cb 1804589761 1806591143
LoggerNode::timer_cb 1808197457 1810198588
ProducerNode::timer_callback 1810879107 1811096033
LoggerNode::cb 1811110574 1811611050
ConsumerNode::cb 1811200180 1811701651
ConsumerNode::timer_cb 1814625342 1816629211
LoggerNode::timer_cb 1818202921 1820204007
ProducerNode::timer_callback 1820878032 1821122286
LoggerNode::cb 1821146910 1821647605
ConsumerNode::cb 1821224889 1821726423
ConsumerNode::timer_cb 1824583081 1826583901
LoggerNode::timer_cb 1828195044 1830195971
ProducerNode::timer_callback 1830877181 1831094893
LoggerNode::cb 1831107700 1831608188
ConsumerNode::cb 1831196992 1831698222
ConsumerNode::timer_cb 1834622549 1836626255
LoggerNode::timer_cb 1838159259 1840160897
ProducerNode::timer_callback 1841106043 1841375708
LoggerNode::cb 1841417792 1841919350
ConsumerNode::cb 1841417939 1841919759
ConsumerNode::timer_cb 1844598880 1846601115
LoggerNode::timer_cb 1848209789 1850210906
ProducerNode::timer_callback 1850882958 1851121910
LoggerNode::cb 1851146874 1851647570
ConsumerNode::cb 1851232833 1851734233
ConsumerNode::timer_cb 1854615177 1856619023
LoggerNode::timer_cb 1858205493 1860206722
ProducerNode::timer_callback 1860851733 1861097171
LoggerNode::cb 1861127821 1861628576
ConsumerNode::cb 1861209021 1861710426
ConsumerNode::timer_cb 1864624005 1866627784
LoggerNode::timer_cb 1868157007 1870158583
ProducerNode::timer_callback 1870893385 1871149366
LoggerNode::cb 1871183916 1871685248
ConsumerNode::cb 1871183656 1871685721
ConsumerNode::timer_cb 1874613033 1876616880
LoggerNode::timer_cb 1878216580 1880218805
ProducerNode::timer_callback 1880889166 1881137761
LoggerNode::cb 1881171103 1881671903
ConsumerNode::cb 1881183480 1881685534
ConsumerNode::timer_cb 1884589026 1886590393
LoggerNode::timer_cb 1888182511 1890183691
ProducerNode::timer_callback 1890880715 1891104056
LoggerNode::cb 1891123306 1891623959
ConsumerNode::cb 1891205108 1891706184
ConsumerNode::timer_cb 1894582055 1896582825
LoggerNode::timer_cb 1898196232 1900197210
ProducerNode::timer_callback 1900879666 1901095749
LoggerNode::cb 1901112237 1901612953
ConsumerNode::cb 1901201871 1901702932
ConsumerNode::timer_cb 1904581281 1906582093
LoggerNode::timer_cb 1908195482 1910196475
ProducerNode::timer_callback 1910874817 1911090628
LoggerNode::cb 1911108041 1911608774
ConsumerNode::cb 1911193116 1911694178
ConsumerNode::timer_cb 1914582110 1916583340
LoggerNode::timer_cb 1918194702 1920195696
ProducerNode::timer_callback 1920881909 1921097695
LoggerNode::cb 1921114961 1921615661
ConsumerNode::cb 1921140265 1921641743
ConsumerNode::timer_cb 1924622444 1926626477
LoggerNode::timer_cb 1928208902 1930210093
ProducerNode::timer_callback 1930881220 1931125670
LoggerNode::cb 1931153526 1931654157
ConsumerNode::cb 1931231181 1931732413
ConsumerNode::timer_cb 1934622897 1936626568
LoggerNode::timer_cb 1938197764 1940199511
ProducerNode::timer_callback 1940852342 1941097305
LoggerNode::cb 1941126753 1941627537
ConsumerNode::cb 1941143244 1941644847
ConsumerNode::timer_cb 1944585870 1946586909
LoggerNode::timer_cb 1948147981 1950149582
ProducerNode::timer_callback 1950880121 1951099402
LoggerNode::cb 1951117658 1951618294
ConsumerNode::cb 1951209116 1951710307
ConsumerNode::timer_cb 1954581424 1956582272
LoggerNode::timer_cb 1958193694 1960194712
ProducerNode::timer_callback 1960875583 1961092585
LoggerNode::cb 1961109855 1961610484
ConsumerNode::cb 1961136107 1961637256
ConsumerNode::timer_cb 1964615146 1966618526
LoggerNode::timer_cb 1968206558 1970207831
ProducerNode::timer_callback 1970880361 1971124754
LoggerNode::cb 1971154223 1971655015
ConsumerNode::cb 1971167010 1971668922
ConsumerNode::timer_cb 1974624851 1976628617
LoggerNode::timer_cb 1978206562 1980207853
ProducerNode::timer_callback 1980888043 1981132258
LoggerNode::cb 1981162258 1981663049
ConsumerNode::cb 1981235576 1981736817
ConsumerNode::timer_cb 1984637603 1986641456
LoggerNode::timer_cb 1988188164 1990189425
ProducerNode::timer_callback 1990885086 1991128193
LoggerNode::cb 1991156000 1991657104
ConsumerNode::cb 1991232539 1991734060
ConsumerNode::timer_cb 1994611318 1996612028
LoggerNode::timer_cb 1998200258 2000201269
ProducerNode::timer_callback 2000879495 2001093782
LoggerNode::cb 2001110029 2001610640
ConsumerNode::cb 2001194979 2001696047
ConsumerNode::timer_cb 2004581035 2006581860
LoggerNode::timer_cb 2008177388 2010178421
ProducerNode::timer_callback 2010887238 2011102293
LoggerNode::cb 2011119130 2011619710
ConsumerNode::cb 2011159135 2011660401
ConsumerNode::timer_cb 2014656171 2016659989
LoggerNode::timer_cb 2018204348 2020205534
ProducerNode::timer_callback 2020885953 2021131166
LoggerNode::cb 2021160667 2021661449
ConsumerNode::cb 2021177034 2021678703
ConsumerNode::timer_cb 2024623063 2026626493
LoggerNode::timer_cb 2028188179 2030189398
ProducerNode::timer_callback 2030881797 2031126510
LoggerNode::cb 2031154141 2031654740
ConsumerNode::cb 2031240808 2031742509
ConsumerNode::timer_cb 2034643884 2036647310
LoggerNode::timer_cb 2038191009 2040192451
ProducerNode::timer_callback 2040879558 2041132828
LoggerNode::cb 2041169537 2041670507
ConsumerNode::cb 2041170119 2041672136
ConsumerNode::timer_cb 2044603269 2046606516
LoggerNode::timer_cb 2048220109 2050224817
ProducerNode::timer_callback 2050882628 2051121385
LoggerNode::cb 2051150799 2051651568
ConsumerNode::cb 2051223330 2051724441
ConsumerNode::timer_cb 2054614281 2056618164
LoggerNode::timer_cb 2058213618 2060214952
ProducerNode::timer_callback 2060884956 2061130549
LoggerNode::cb 2061155265 2061655964
ConsumerNode::cb 2061155124 2061656326
ConsumerNode::timer_cb 2064622888 2066626638
LoggerNode::timer_cb 2068160252 2070161373
ProducerNode::timer_callback 2070881432 2071128916
LoggerNode::cb 2071157654 2071658268
ConsumerNode::cb 2071234090 2071735810
ConsumerNode::timer_cb 2074608535 2076612697
LoggerNode::timer_cb 2078204467 2080206843
ProducerNode::timer_callback 2080888432 2081134233
LoggerNode::cb 2081166716 2081667499
ConsumerNode::cb 2081171227 2081672520
ConsumerNode::timer_cb 2084623978 2086628619
LoggerNode::timer_cb 2088207556 2090208900
ProducerNode::timer_callback 2090884061 2091129507
LoggerNode::cb 2091157968 2091658595
ConsumerNode::cb 2091243321 2091744855
ConsumerNode::timer_cb 2094581430 2096582189
LoggerNode::timer_cb 2098193469 2100194462
ProducerNode::timer_callback 2100887901 2101102681
LoggerNode::cb 2101119678 2101620357
ConsumerNode::cb 2101205702 2101706789
ConsumerNode::timer_cb 2104622397 2106626262
LoggerNode::timer_cb 2108213472 2110215020
ProducerNode::timer_callback 2110881052 2111125861
LoggerNode::cb 2111153636 2111654344
ConsumerNode::cb 2111235861 2111737187
ConsumerNode::timer_cb 2114622869 2116626672
LoggerNode::timer_cb 2118218836 2120220086
ProducerNode::timer_callback 2120881146 2121127443
LoggerNode::cb 2121155649 2121656340
ConsumerNode::cb 2121237810 2121739553
ConsumerNode::timer_cb 2124624010 2126627879
LoggerNode::timer_cb 2128161294 2130163973
ProducerNode::timer_callback 2130881766 2131127860
LoggerNode::cb 2131155158 2131655728
ConsumerNode::cb 2131240320 2131742306
ConsumerNode::timer_cb 2134623564 2136627044
LoggerNode::timer_cb 2138208494 2140210359
ProducerNode::timer_callback 2140877756 2141123489
LoggerNode::cb 2141146672 2141647399
ConsumerNode::cb 2141146810 2141648292
ConsumerNode::timer_cb 2144617792 2146621410
LoggerNode::timer_cb 2148199684 2150200819
ProducerNode::timer_callback 2150878213 2151121308
LoggerNode::cb 2151145564 2151646144
ConsumerNode::cb 2151222863 2151724306
ConsumerNode::timer_cb 2154583517 2156584279
LoggerNode::timer_cb 2158207929 2160208954
ProducerNode::timer_callback 2160877030 2161095428
LoggerNode::cb 2161108588 2161609156
ConsumerNode::cb 2161197090 2161698407
ConsumerNode::timer_cb 2164622465 2166625876
LoggerNode::timer_cb 2168190470 2170191576
ProducerNode::timer_callback 2170882908 2171138156
LoggerNode::cb 2171164835 2171665654
ConsumerNode::cb 2171242439 2171744170
ConsumerNode::timer_cb 2174623418 2176627353
LoggerNode::timer_cb 2178157610 2180158772
ProducerNode::timer_callback 2180879036 2181123390
LoggerNode::cb 2181147979 2181648519
ConsumerNode::cb 2181231153 2181732620
ConsumerNode::timer_cb 2184664898 2186668332
LoggerNode::timer_cb 2188212596 2190214017
ProducerNode::timer_callback 2190897130 2191141473
LoggerNode::cb 2191165827 2191666435
ConsumerNode::cb 2191246258 2191747876
ConsumerNode::timer_cb 2194586803 2196587780
LoggerNode::timer_cb 2198191138 2200192083
ProducerNode::timer_callback 2200879044 2201093643
LoggerNode::cb 2201106377 2201606934
ConsumerNode::cb 2201197643 2201698912
ConsumerNode::timer_cb 2204586608 2206587690
LoggerNode::timer_cb 2208194451 2210195719
ProducerNode::timer_callback 2210878318 2211094784
LoggerNode::cb 2211108931 2211609472
ConsumerNode::cb 2211205736 2211707022
ConsumerNode::timer_cb 2214648930 2216652378
LoggerNode::timer_cb 2218204960 2220206015
ProducerNode::timer_callback 2220879649 2221126070
LoggerNode::cb 2221150782 2221651408
ConsumerNode::cb 2221230221 2221731659
ConsumerNode::timer_cb 2224592103 2226593800
LoggerNode::timer_cb 2228155939 2230156953
ProducerNode::timer_callback 2230886679 2231125445
LoggerNode::cb 2231144382 2231644826
ConsumerNode::cb 2231229590 2231731000
ConsumerNode::timer_cb 2234622806 2236626114
LoggerNode::timer_cb 2238193794 2240195559
ProducerNode::timer_callback 2240901144 2241168473
LoggerNode::cb 2241203935 2241705134
ConsumerNode::cb 2241203700 2241705815
ConsumerNode::timer_cb 2244608083 2246611117
LoggerNode::timer_cb 2248212104 2250213285
ProducerNode::timer_callback 2250877615 2251122021
LoggerNode::cb 2251146035 2251646580
ConsumerNode::cb 2251226183 2251727659
ConsumerNode::timer_cb 2254622215 2256626586
LoggerNode::timer_cb 2258206173 2260207267
ProducerNode::timer_callback 2260882527 2261125242
LoggerNode::cb 2261149106 2261649712
ConsumerNode::cb 2261236534 2261738107
ConsumerNode::timer_cb 2264622701 2266626171
LoggerNode::timer_cb 2268154906 2270156085
ProducerNode::timer_callback 2270880459 2271125317
LoggerNode::cb 2271150727 2271651286
ConsumerNode::cb 2271229672 2271731017
ConsumerNode::timer_cb 2274592619 2276594377
LoggerNode::timer_cb 2278171502 2280175314
ProducerNode::timer_callback 2280903805 2281150554
LoggerNode::cb 2281181629 2281682313
ConsumerNode::cb 2281202498 2281704539
ConsumerNode::timer_cb 2284586313 2286587512
LoggerNode::timer_cb 2288197861 2290199039
ProducerNode::timer_callback 2290879963 2291108186
LoggerNode::cb 2291125956 2291626554
ConsumerNode::cb 2291216536 2291718064
ConsumerNode::timer_cb 2294583427 2296584258
LoggerNode::timer_cb 2298172744 2300173818
ProducerNode::timer_callback 2300883614 2301101482
LoggerNode::cb 2301115365 2301615930
ConsumerNode::cb 2301206789 2301708057
ConsumerNode::timer_cb 2304587157 2306588291
LoggerNode::timer_cb 2308195658 2310196847
ProducerNode::timer_callback 2310879713 2311097105
LoggerNode::cb 2311114888 2311615482
ConsumerNode::cb 2311199270 2311700476
ConsumerNode::timer_cb 2314581344 2316582023
LoggerNode::timer_cb 2318176900 2320177913
ProducerNode::timer_callback 2320881508 2321095785
LoggerNode::cb 2321112167 2321612847
ConsumerNode::cb 2321203359 2321704649
ConsumerNode::timer_cb 2324675717 2326679931
LoggerNode::timer_cb 2328183756 2330184993
ProducerNode::timer_callback 2330884289 2331128767
LoggerNode::cb 2331157811 2331658528
ConsumerNode::cb 2331235100 2331736633
ConsumerNode::timer_cb 2334624285 2336627682
LoggerNode::timer_cb 2338214371 2340218035
ProducerNode::timer_callback 2340883262 2341127380
LoggerNode::cb 2341151857 2341652574
ConsumerNode::cb 2341151973 2341653204
ConsumerNode::timer_cb 2344622615 2346626417
LoggerNode::timer_cb 2348282638 2350284658
ProducerNode::timer_callback 2350885664 2351131369
LoggerNode::cb 2351161008 2351661706
ConsumerNode::cb 2351237897 2351739521
ConsumerNode::timer_cb 2354620547 2356623945
LoggerNode::timer_cb 2358204623 2360206290
ProducerNode::timer_callback 2360890888 2361135282
LoggerNode::cb 2361165123 2361665865
ConsumerNode::cb 2361242905 2361744282
ConsumerNode::timer_cb 2364621613 2366626014
LoggerNode::timer_cb 2368204915 2370206192
ProducerNode::timer_callback 2370886128 2371131380
LoggerNode::cb 2371160947 2371661750
ConsumerNode::cb 2371239651 2371741183
ConsumerNode::timer_cb 2374587749 2376588725
LoggerNode::timer_cb 2378178890 2380180747
ProducerNode::timer_callback 2380912406 2381152919
LoggerNode::cb 2381180601 2381681549
ConsumerNode::cb 2381258001 2381759809
ConsumerNode::timer_cb 2384622997 2386627060
LoggerNode::timer_cb 2388188646 2390189874
ProducerNode::timer_callback 2390883830 2391128185
LoggerNode::cb 2391158267 2391659005
ConsumerNode::cb 2391235879 2391737386
ConsumerNode::timer_cb 2394623482 2396626997
LoggerNode::timer_cb 2398190934 2400192112
ProducerNode::timer_callback 2400885376 2401129771
LoggerNode::cb 2401158946 2401659708
ConsumerNode::cb 2401239763 2401741140
ConsumerNode::timer_cb 2404623886 2406627936
LoggerNode::timer_cb 2408193655 2410194967
ProducerNode::timer_callback 2410883809 2411128884
LoggerNode::cb 2411158088 2411658714
ConsumerNode::cb 2411170718 2411672261
ConsumerNode::timer_cb 2414624130 2416627504
LoggerNode::timer_cb 2418276816 2420278625
ProducerNode::timer_callback 2420885096 2421132154
LoggerNode::cb 2421162494 2421663269
ConsumerNode::cb 2421176685 2421678256
ConsumerNode::timer_cb 2424622681 2426626420
LoggerNode::timer_cb 2428209983 2430211279
ProducerNode::timer_callback 2430881699 2431126279
LoggerNode::cb 2431156309 2431657075
ConsumerNode::cb 2431237049 2431738495
ConsumerNode::timer_cb 2434650226 2436653624
LoggerNode::timer_cb 2438200686 2440204798
ProducerNode::timer_callback 2440910946 2441167486
LoggerNode::cb 2441207274 2441708757
ConsumerNode::cb 2441207697 2441709587
ConsumerNode::timer_cb 2444605645 2446607867
LoggerNode::timer_cb 2448210678 2450212217
ProducerNode::timer_callback 2450877394 2451118161
LoggerNode::cb 2451140490 2451641076
ConsumerNode::cb 2451219985 2451721359
ConsumerNode::timer_cb 2454627703 2456631582
LoggerNode::timer_cb 2458186232 2460187427
ProducerNode::timer_callback 2460886642 2461131840
LoggerNode::cb 2461155726 2461656340
ConsumerNode::cb 2461238714 2461740325
ConsumerNode::timer_cb 2464624001 2466627772
LoggerNode::timer_cb 2468164596 2470166087
ProducerNode::timer_callback 2470881379 2471126231
LoggerNode::cb 2471150984 2471651619
ConsumerNode::cb 2471230555 2471731916
ConsumerNode::timer_cb 2474623452 2476626829
LoggerNode::timer_cb 2478174814 2480177917
ProducerNode::timer_callback 2480887788 2481137319
LoggerNode::cb 2481171390 2481672329
ConsumerNode::cb 2481170968 2481672736
ConsumerNode::timer_cb 2484581380 2486582131
LoggerNode::timer_cb 2488188900 2490190274
ProducerNode::timer_callback 2490889335 2491115089
LoggerNode::cb 2491134109 2491634742
ConsumerNode::cb 2491222102 2491723256
ConsumerNode::timer_cb 2494623215 2496626561
LoggerNode::timer_cb 2498214399 2500215609
ProducerNode::timer_callback 2500880632 2501124633
LoggerNode::cb 2501152409 2501653019
ConsumerNode::cb 2501230025 2501731564
ConsumerNode::timer_cb 2504623154 2506626899
LoggerNode::timer_cb 2508186594 2510187791
ProducerNode::timer_callback 2510878576 2511122945
LoggerNode::cb 2511147503 2511648049
ConsumerNode::cb 2511229957 2511731613
ConsumerNode::timer_cb 2514623849 2516627217
LoggerNode::timer_cb 2518183754 2520184949
ProducerNode::timer_callback 2520881724 2521125760
LoggerNode::cb 2521149719 2521650269
ConsumerNode::cb 2521230990 2521732564
ConsumerNode::timer_cb 2524623393 2526626916
LoggerNode::timer_cb 2528184934 2530186082
ProducerNode::timer_callback 2530880469 2531124684
LoggerNode::cb 2531149656 2531650185
ConsumerNode::cb 2531230193 2531731798
ConsumerNode::timer_cb 2534624345 2536628108
LoggerNode::timer_cb 2538191933 2540193198
ProducerNode::timer_callback 2540888597 2541134473
LoggerNode::cb 2541160213 2541660834
ConsumerNode::cb 2541171630 2541673049
ConsumerNode::timer_cb 2544624018 2546628641
LoggerNode::timer_cb 2548356087 2550359343
ProducerNode::timer_callback 2550852218 2551097605
LoggerNode::cb 2551122272 2551622891
ConsumerNode::cb 2551216026 2551718546
ConsumerNode::timer_cb 2554624708 2556628549
LoggerNode::timer_cb 2558207341 2560208410
ProducerNode::timer_callback 2560879729 2561123689
LoggerNode::cb 2561148087 2561648646
ConsumerNode::cb 2561238804 2561740334
ConsumerNode::timer_cb 2564623657 2566626955
LoggerNode::timer_cb 2568183623 2570184690
ProducerNode::timer_callback 2570879383 2571123828
LoggerNode::cb 2571148154 2571648716
ConsumerNode::cb 2571231128 2571732625
ConsumerNode::timer_cb 2574625085 2576628421
LoggerNode::timer_cb 2578184952 2580186027
ProducerNode::timer_callback 2580881969 2581125493
LoggerNode::cb 2581149283 2581649879
ConsumerNode::cb 2581236239 2581737771
ConsumerNode::timer_cb 2584677962 2586681424
LoggerNode::timer_cb 2588208688 2590209857
ProducerNode::timer_callback 2590881053 2591125037
LoggerNode::cb 2591149080 2591649639
ConsumerNode::cb 2591245711 2591747345
ConsumerNode::timer_cb 2594622371 2596626717
LoggerNode::timer_cb 2598184394 2600185502
ProducerNode::timer_callback 2600878000 2601121719
LoggerNode::cb 2601146200 2601646808
ConsumerNode::cb 2601228019 2601729572
ConsumerNode::timer_cb 2604587384 2606588471
LoggerNode::timer_cb 2608175771 2610176895
ProducerNode::timer_callback 2610878258 2611098069
LoggerNode::cb 2611111891 2611612394
ConsumerNode::cb 2611207755 2611709156
ConsumerNode::timer_cb 2614623333 2616627208
LoggerNode::timer_cb 2618191991 2620193113
ProducerNode::timer_callback 2620879413 2621123392
LoggerNode::cb 2621147806 2621648404
ConsumerNode::cb 2621233906 2621735557
ConsumerNode::timer_cb 2624626160 2626630321
LoggerNode::timer_cb 2628192999 2630194938
ProducerNode::timer_callback 2630881639 2631126535
LoggerNode::cb 2631152037 2631652715
ConsumerNode::cb 2631234069 2631735949
ConsumerNode::timer_cb 2634587869 2636588961
LoggerNode::timer_cb 2638171465 2640173060
ProducerNode::timer_callback 2640873943 2641122879
LoggerNode::cb 2641160673 2641661732
ConsumerNode::cb 2641160897 2641662889
ConsumerNode::timer_cb 2644611282 2646614298
LoggerNode::timer_cb 2648201934 2650204399
ProducerNode::timer_callback 2650882531 2651125041
LoggerNode::cb 2651154008 2651654837
ConsumerNode::cb 2651236919 2651737970
ConsumerNode::timer_cb 2654623885 2656628044
LoggerNode::timer_cb 2658210938 2660212203
ProducerNode::timer_callback 2660880890 2661125538
LoggerNode::cb 2661154568 2661655298
ConsumerNode::cb 2661228299 2661729668
ConsumerNode::timer_cb 2664624204 2666627527
LoggerNode::timer_cb 2668197921 2670199476
ProducerNode::timer_callback 2670881962 2671126536
LoggerNode::cb 2671151605 2671652175
ConsumerNode::cb 2671231966 2671733766
ConsumerNode::timer_cb 2674668707 2676672082
LoggerNode::timer_cb 2678191747 2680193622
ProducerNode::timer_callback 2680882685 2681137520
LoggerNode::cb 2681174661 2681675830
ConsumerNode::cb 2681174975 2681676680
ConsumerNode::timer_cb 2684606393 2686609096
LoggerNode::timer_cb 2688218711 2690220926
ProducerNode::timer_callback 2690890747 2691136985
LoggerNode::cb 2691161106 2691661728
ConsumerNode::cb 2691249955 2691751363
ConsumerNode::timer_cb 2694622669 2696627148
LoggerNode::timer_cb 2698209185 2700210306
ProducerNode::timer_callback 2700882685 2701126803
LoggerNode::cb 2701150981 2701651557
ConsumerNode::cb 2701244484 2701745916
ConsumerNode::timer_cb 2704587158 2706588232
LoggerNode::timer_cb 2708196169 2710197064
ProducerNode::timer_callback 2710876381 2711091667
LoggerNode::cb 2711103637 2711604102
ConsumerNode::cb 2711203501 2711704832
ConsumerNode::timer_cb 2714609902 2716612681
LoggerNode::timer_cb 2718204877 2720205898
ProducerNode::timer_callback 2720903323 2721141378
LoggerNode::cb 2721163829 2721664436
ConsumerNode::cb 2721251107 2721752647
ConsumerNode::timer_cb 2724588152 2726589198
LoggerNode::timer_cb 2728185195 2730186183
ProducerNode::timer_callback 2730890299 2731111859
LoggerNode::cb 2731126038 2731626519
ConsumerNode::cb 2731226504 2731727849
ConsumerNode::timer_cb 2734669391 2736672777
LoggerNode::timer_cb 2738185255 2740186456
ProducerNode::timer_callback 2740877761 2741122471
LoggerNode::cb 2741146511 2741647143
ConsumerNode::cb 2741146298 2741647738
ConsumerNode::timer_cb 2744612203 2746615096
LoggerNode::timer_cb 2748183873 2750184923
ProducerNode::timer_callback 2750878753 2751120631
LoggerNode::cb 2751144290 2751644870
ConsumerNode::cb 2751230156 2751731671
ConsumerNode::timer_cb 2754622998 2756626780
LoggerNode::timer_cb 2758204488 2760205584
ProducerNode::timer_callback 2760880278 2761125152
LoggerNode::cb 2761149678 2761650217
ConsumerNode::cb 2761236209 2761737843
ConsumerNode::timer_cb 2764624477 2766627722
LoggerNode::timer_cb 2768204890 2770205978
ProducerNode::timer_callback 2770878061 2771122887
LoggerNode::cb 2771147462 2771648019
ConsumerNode::cb 2771227638 2771729256
ConsumerNode::timer_cb 2774587557 2776588574
LoggerNode::timer_cb 2778176283 2780177270
ProducerNode::timer_callback 2780879423 2781097854
LoggerNode::cb 2781111493 2781612005
ConsumerNode::cb 2781202995 2781704284
ConsumerNode::timer_cb 2784654214 2786657937
LoggerNode::timer_cb 2788186679 2790187914
ProducerNode::timer_callback 2790881173 2791125542
LoggerNode::cb 2791150219 2791650800
ConsumerNode::cb 2791229815 2791731213
ConsumerNode::timer_cb 2794639308 2796643509
LoggerNode::timer_cb 2798207132 2800208195
ProducerNode::timer_callback 2800877954 2801122636
LoggerNode::cb 2801146690 2801647211
ConsumerNode::cb 2801227850 2801729590
ConsumerNode::timer_cb 2804587382 2806588458
LoggerNode::timer_cb 2808176089 2810177168
ProducerNode::timer_callback 2810877762 2811098045
LoggerNode::cb 2811113382 2811614001
ConsumerNode::cb 2811200437 2811701943
ConsumerNode::timer_cb 2814633461 2816636817
LoggerNode::timer_cb 2818204610 2820205815
ProducerNode::timer_callback 2820879157 2821124684
LoggerNode::cb 2821149267 2821649793
ConsumerNode::cb 2821231811 2821733281
ConsumerNode::timer_cb 2824616541 2826619067
LoggerNode::timer_cb 2828202602 2830203748
ProducerNode::timer_callback 2830886427 2831129608
LoggerNode::cb 2831153398 2831653968
ConsumerNode::cb 2831241787 2831743241
ConsumerNode::timer_cb 2834625452 2836629255
LoggerNode::timer_cb 2838184432 2840186088
ProducerNode::timer_callback 2840878199 2841136190
LoggerNode::cb 2841176805 2841677989
ConsumerNode::cb 2841176751 2841678720
ConsumerNode::timer_cb 2844608175 2846611616
LoggerNode::timer_cb 2848209740 2850210976
ProducerNode::timer_callback 2850881894 2851125750
LoggerNode::cb 2851153934 2851654594
ConsumerNode::cb 2851229727 2851731326
ConsumerNode::timer_cb 2854624600 2856628272
LoggerNode::timer_cb 2858182344 2860185627
ProducerNode::timer_callback 2860885172 2861131708
LoggerNode::cb 2861161692 2861662348
ConsumerNode::cb 2861171752 2861673239
ConsumerNode::timer_cb 2864623727 2866627185
LoggerNode::timer_cb 2868206103 2870207465
ProducerNode::timer_callback 2870895970 2871140831
LoggerNode::cb 2871169400 2871670010
ConsumerNode::cb 2871247287 2871748890
ConsumerNode::timer_cb 2874623292 2876627085
LoggerNode::timer_cb 2878221517 2880222966
ProducerNode::timer_callback 2880866786 2881126257
LoggerNode::cb 2881164276 2881665729
ConsumerNode::cb 2881168601 2881676532
ConsumerNode::timer_cb 2884610414 2886613999
LoggerNode::timer_cb 2888201969 2890205026
ProducerNode::timer_callback 2890891084 2891135574
LoggerNode::cb 2891165796 2891666669
ConsumerNode::cb 2891246634 2891748014
ConsumerNode::timer_cb 2894623888 2896628148
LoggerNode::timer_cb 2898187755 2900188898
ProducerNode::timer_callback 2900881576 2901126467
LoggerNode::cb 2901153715 2901654324
ConsumerNode::cb 2901233165 2901734792
ConsumerNode::timer_cb 2904624316 2906627827
LoggerNode::timer_cb 2908206263 2910207535
ProducerNode::timer_callback 2910880280 2911125500
LoggerNode::cb 2911153003 2911653646
ConsumerNode::cb 2911229089 2911730646
ConsumerNode::timer_cb 2914583268 2916583984
LoggerNode::timer_cb 2918177243 2920178167
ProducerNode::timer_callback 2920881680 2921096461
LoggerNode::cb 2921113248 2921613840
ConsumerNode::cb 2921142500 2921643796
ConsumerNode::timer_cb 2924623475 2926626799
LoggerNode::timer_cb 2928212088 2930213242
ProducerNode::timer_callback 2930883183 2931128031
LoggerNode::cb 2931155806 2931656544
ConsumerNode::cb 2931233300 2931734810
ConsumerNode::timer_cb 2934623184 2936626898
LoggerNode::timer_cb 2938192549 2940193841
ProducerNode::timer_callback 2940885131 2941131111
LoggerNode::cb 2941155750 2941656482
ConsumerNode::cb 2941156223 2941657824
ConsumerNode::timer_cb 2944622527 2946625887
LoggerNode::timer_cb 2948155173 2950156230
ProducerNode::timer_callback 2950882279 2951126126
LoggerNode::cb 2951154358 2951655062
ConsumerNode::cb 2951233775 2951735218
ConsumerNode::timer_cb 2954581714 2956582444
LoggerNode::timer_cb 2958178690 2960179873
ProducerNode::timer_callback 2960879485 2961096796
LoggerNode::cb 2961113573 2961614171
ConsumerNode::cb 2961206835 2961708012
ConsumerNode::timer_cb 2964585671 2966586661
LoggerNode::timer_cb 2968174054 2970174977
ProducerNode::timer_callback 2970880774 2971095248
LoggerNode::cb 2971111440 2971612092
ConsumerNode::cb 2971201254 2971702479
ConsumerNode::timer_cb 2974622436 2976625763
LoggerNode::timer_cb 2978190258 2980191511
ProducerNode::timer_callback 2980853047 2981099572
LoggerNode::cb 2981129821 2981630612
ConsumerNode::cb 2981149841 2981651536
ConsumerNode::timer_cb 2984588190 2986589199
LoggerNode::timer_cb 2988182136 2990183271
ProducerNode::timer_callback 2990882748 2991100453
LoggerNode::cb 2991117761 2991618472
ConsumerNode::cb 2991207303 2991708393
ConsumerNode::timer_cb 2994581075 2996581690
LoggerNode::timer_cb 2998174024 3000174994
ProducerNode::timer_callback 3000882898 3001097106
LoggerNode::cb 3001113568 3001614205
ConsumerNode::cb 3001200728 3001701880
ConsumerNode::timer_cb 3004620863 3006624585
LoggerNode::timer_cb 3008187567 3010188759
ProducerNode::timer_callback 3010881490 3011126091
LoggerNode::cb 3011153355 3011653997
ConsumerNode::cb 3011247781 3011749372
ConsumerNode::timer_cb 3014586968 3016587969
LoggerNode::timer_cb 3018179472 3020180479
ProducerNode::timer_callback 3020880853 3021096626
LoggerNode::cb 3021112810 3021613437
ConsumerNode::cb 3021135128 3021636202
ConsumerNode::timer_cb 3024622307 3026625902
LoggerNode::timer_cb 3028186284 3030187504
ProducerNode::timer_callback 3030880780 3031124767
LoggerNode::cb 3031152328 3031652972
ConsumerNode::cb 3031235982 3031737545
ConsumerNode::timer_cb 3034660466 3036664210
LoggerNode::timer_cb 3038187839 3040189223
ProducerNode::timer_callback 3040876861 3041131407
LoggerNode::cb 3041168911 3041670029
ConsumerNode::cb 3041169195 3041671488
ConsumerNode::timer_cb 3044607211 3046610502
LoggerNode::timer_cb 3048221236 3050224534
ProducerNode::timer_callback 3050884324 3051125148
LoggerNode::cb 3051152991 3051653583
ConsumerNode::cb 3051231646 3051733134
ConsumerNode::timer_cb 3054623693 3056627154
LoggerNode::timer_cb 3058200245 3060203329
ProducerNode::timer_callback 3060881820 3061124467
LoggerNode::cb 3061152822 3061653530
ConsumerNode::cb 3061226934 3061728222
ConsumerNode::timer_cb 3064587771 3066588775
LoggerNode::timer_cb 3068178092 3070179206
ProducerNode::timer_callback 3070888531 3071104933
LoggerNode::cb 3071122416 3071623053
ConsumerNode::cb 3071211873 3071713105
ConsumerNode::timer_cb 3074621031 3076624402
LoggerNode::timer_cb 3078187898 3080189160
ProducerNode::timer_callback 3080880193 3081124380
LoggerNode::cb 3081151481 3081652137
ConsumerNode::cb 3081231796 3081733310
ConsumerNode::timer_cb 3084593281 3086596020
LoggerNode::timer_cb 3088199854 3090202885
ProducerNode::timer_callback 3090884827 3091131396
LoggerNode::cb 3091159271 3091660194
ConsumerNode::cb 3091177024 3091678625
ConsumerNode::timer_cb 3094582642 3096583285
LoggerNode::timer_cb 3098204852 3100205791
ProducerNode::timer_callback 3100885675 3101104140
LoggerNode::cb 3101117068 3101617625
ConsumerNode::cb 3101219930 3101721194
ConsumerNode::timer_cb 3104624271 3106627991
LoggerNode::timer_cb 3108184490 3110185626
ProducerNode::timer_callback 3110878368 3111122729
LoggerNode::cb 3111146879 3111647508
ConsumerNode::cb 3111231874 3111733429
ConsumerNode::timer_cb 3114595534 3116596958
LoggerNode::timer_cb 3118187374 3120188416
ProducerNode::timer_callback 3120884952 3121111699
LoggerNode::cb 3121129363 3121629952
ConsumerNode::cb 3121216918 3121718248
ConsumerNode::timer_cb 3124590832 3126592003
LoggerNode::timer_cb 3128200424 3130203572
ProducerNode::timer_callback 3130887084 3131121864
LoggerNode::cb 3131142446 3131643323
ConsumerNode::cb 3131240058 3131741913
ConsumerNode::timer_cb 3134624402 3136627893
LoggerNode::timer_cb 3138201522 3140202780
ProducerNode::timer_callback 3140886059 3141130895
LoggerNode::cb 3141156494 3141657213
ConsumerNode::cb 3141176246 3141677694
ConsumerNode::timer_cb 3144586835 3146587804
LoggerNode::timer_cb 3148179442 3150180371
ProducerNode::timer_callback 3150883732 3151100408
LoggerNode::cb 3151113182 3151613646
ConsumerNode::cb 3151203672 3151704947
ConsumerNode::timer_cb 3154658367 3156662617
LoggerNode::timer_cb 3158211800 3160213363
ProducerNode::timer_callback 3160878150 3161123855
LoggerNode::cb 3161148573 3161649132
ConsumerNode::cb 3161231692 3161733345
ConsumerNode::timer_cb 3164587705 3166588728
LoggerNode::timer_cb 3168179196 3170180180
ProducerNode::timer_callback 3170890388 3171104247
LoggerNode::cb 3171117182 3171617689
ConsumerNode::cb 3171207727 3171709140
ConsumerNode::timer_cb 3174589555 3176590694
LoggerNode::timer_cb 3178174196 3180175154
ProducerNode::timer_callback 3180878798 3181094120
LoggerNode::cb 3181107753 3181608222
ConsumerNode::cb 3181200183 3181701456
ConsumerNode::timer_cb 3184624605 3186628557
LoggerNode::timer_cb 3188188377 3190189606
ProducerNode::timer_callback 3190881453 3191127123
LoggerNode::cb 3191151451 3191652049
ConsumerNode::cb 3191232193 3191733703
ConsumerNode::timer_cb 3194671660 3196675379
LoggerNode::timer_cb 3198184078 3200185197
ProducerNode::timer_callback 3200881954 3201126428
LoggerNode::cb 3201151375 3201651904
ConsumerNode::cb 3201240557 3201742244
ConsumerNode::timer_cb 3204623396 3206627042
LoggerNode::timer_cb 3208188117 3210189347
ProducerNode::timer_callback 3210881316 3211125339
LoggerNode::cb 3211149943 3211650607
ConsumerNode::cb 3211232025 3211733573
ConsumerNode::timer_cb 3214625586 3216629399
LoggerNode::timer_cb 3218186658 3220187711
ProducerNode::timer_callback 3220877930 3221121206
LoggerNode::cb 3221145505 3221646128
ConsumerNode::cb 3221226806 3221728171
ConsumerNode::timer_cb 3224589432 3226590554
LoggerNode::timer_cb 3228182259 3230183255
ProducerNode::timer_callback 3230888440 3231107979
LoggerNode::cb 3231122169 3231622688
ConsumerNode::cb 3231221593 3231722799
ConsumerNode::timer_cb 3234622026 3236626648
LoggerNode::timer_cb 3238184374 3240185741
ProducerNode::timer_callback 3240878157 3241147326
LoggerNode::cb 3241181197 3241682415
ConsumerNode::cb 3241181052 3241682728
ConsumerNode::timer_cb 3244641051 3246644947
LoggerNode::timer_cb 3248199095 3250200083
ProducerNode::timer_callback 3250882345 3251125193
LoggerNode::cb 3251148329 3251648899
ConsumerNode::cb 3251238750 3251740467
ConsumerNode::timer_cb 3254623441 3256626982
LoggerNode::timer_cb 3258196605 3260198736
ProducerNode::timer_callback 3260880083 3261124732
LoggerNode::cb 3261149491 3261650136
ConsumerNode::cb 3261228769 3261730116
ConsumerNode::timer_cb 3264586595 3266587579
LoggerNode::timer_cb 3268174252 3270175318
ProducerNode::timer_callback 3270884808 3271101095
LoggerNode::cb 3271114095 3271614646
ConsumerNode::cb 3271209901 3271711143
ConsumerNode::timer_cb 3274622920 3276627181
LoggerNode::timer_cb 3278208347 3280209394
ProducerNode::timer_callback 3280881336 3281125851
LoggerNode::cb 3281150378 3281650938
ConsumerNode::cb 3281234269 3281735880
ConsumerNode::timer_cb 3284622216 3286626562
LoggerNode::timer_cb 3288199764 3290203876
ProducerNode::timer_callback 3290908702 3291158211
LoggerNode::cb 3291191245 3291692399
ConsumerNode::cb 3291204929 3291706868
ConsumerNode::timer_cb 3294665823 3296669585
LoggerNode::timer_cb 3298192950 3300194120
ProducerNode::timer_callback 3300883364 3301128429
LoggerNode::cb 3301152861 3301653484
ConsumerNode::cb 3301239346 3301740908
ConsumerNode::timer_cb 3304587579 3306588604
LoggerNode::timer_cb 3308148248 3310149424
ProducerNode::timer_callback 3310877221 3311100016
LoggerNode::cb 3311114508 3311614973
ConsumerNode::cb 3311207108 3311708463
ConsumerNode::timer_cb 3314586705 3316587709
LoggerNode::timer_cb 3318143341 3320144281
ProducerNode::timer_callback 3320876999 3321093867
LoggerNode::cb 3321106487 3321606969
ConsumerNode::cb 3321195580 3321696918
ConsumerNode::timer_cb 3324644409 3326648608
LoggerNode::timer_cb 3328202526 3330203630
ProducerNode::timer_callback 3330878635 3331122392
LoggerNode::cb 3331146768 3331647390
ConsumerNode::cb 3331228975 3331730591
ConsumerNode::timer_cb 3334585561 3336586550
LoggerNode::timer_cb 3338174274 3340175305
ProducerNode::timer_callback 3340885002 3341105242
LoggerNode::cb 3341119556 3341620132
ConsumerNode::cb 3341144541 3341645866
ConsumerNode::timer_cb 3344623951 3346627770
LoggerNode::timer_cb 3348185832 3350186863
ProducerNode::timer_callback 3350878809 3351122781
LoggerNode::cb 3351147137 3351647732
ConsumerNode::cb 3351228317 3351729842
ConsumerNode::timer_cb 3354582953 3356583743
LoggerNode::timer_cb 3358181365 3360182651
ProducerNode::timer_callback 3360878924 3361097734
LoggerNode::cb 3361111085 3361611660
ConsumerNode::cb 3361202394 3361703727
ConsumerNode::timer_cb 3364586824 3366587971
LoggerNode::timer_cb 3368176311 3370177281
ProducerNode::timer_callback 3370880007 3371094670
LoggerNode::cb 3371108025 3371608488
ConsumerNode::cb 3371203679 3371704975
ConsumerNode::timer_cb 3374590637 3376591916
LoggerNode::timer_cb 3378154253 3380156401
ProducerNode::timer_callback 3380887284 3381127138
LoggerNode::cb 3381149780 3381650423
ConsumerNode::cb 3381244884 3381746808
ConsumerNode::timer_cb 3384623809 3386627559
LoggerNode::timer_cb 3388184801 3390186025
ProducerNode::timer_callback 3390880618 3391124793
LoggerNode::cb 3391148886 3391649474
ConsumerNode::cb 3391234036 3391735479
ConsumerNode::timer_cb 3394665233 3396668729
LoggerNode::timer_cb 3398184790 3400185831
ProducerNode::timer_callback 3400878501 3401122799
LoggerNode::cb 3401147285 3401648057
ConsumerNode::cb 3401228140 3401729780
ConsumerNode::timer_cb 3404623364 3406626975
LoggerNode::timer_cb 3408185527 3410186656
ProducerNode::timer_callback 3410878862 3411123468
LoggerNode::cb 3411147987 3411648559
ConsumerNode::cb 3411230881 3411732455
ConsumerNode::timer_cb 3414587519 3416588510
LoggerNode::timer_cb 3418172332 3420173318
ProducerNode::timer_callback 3420882501 3421096741
LoggerNode::cb 3421109544 3421610017
ConsumerNode::cb 3421202144 3421703465
ConsumerNode::timer_cb 3424608208 3426610824
LoggerNode::timer_cb 3428180751 3430181927
ProducerNode::timer_callback 3430889998 3431123238
LoggerNode::cb 3431145067 3431645665
ConsumerNode::cb 3431233471 3431735231
ConsumerNode::timer_cb 3434623123 3436626859
LoggerNode::timer_cb 3438185826 3440187203
ProducerNode::timer_callback 3440891932 3441155832
LoggerNode::cb 3441188433 3441689802
ConsumerNode::cb 3441188470 3441690205
ConsumerNode::timer_cb 3444612107 3446615843
LoggerNode::timer_cb 3448200078 3450201268
ProducerNode::timer_callback 3450877829 3451122089
LoggerNode::cb 3451146174 3451646657
ConsumerNode::cb 3451232063 3451733778
ConsumerNode::timer_cb 3454587523 3456588729
LoggerNode::timer_cb 3458183367 3460184520
ProducerNode::timer_callback 3460878777 3461104521
LoggerNode::cb 3461118472 3461618962
ConsumerNode::cb 3461206776 3461708110
ConsumerNode::timer_cb 3464586896 3466587864
LoggerNode::timer_cb 3468171996 3470173053
ProducerNode::timer_callback 3470879539 3471098071
LoggerNode::cb 3471111926 3471612365
ConsumerNode::cb 3471203441 3471704693
ConsumerNode::timer_cb 3474622032 3476625879
LoggerNode::timer_cb 3478201970 3480203262
ProducerNode::timer_callback 3480879796 3481124064
LoggerNode::cb 3481148166 3481648702
ConsumerNode::cb 3481226852 3481728276
ConsumerNode::timer_cb 3484624258 3486627893
LoggerNode::timer_cb 3488171429 3490175403
ProducerNode::timer_callback 3490895220 3491146835
LoggerNode::cb 3491181783 3491682825
ConsumerNode::cb 3491199031 3491701093
ConsumerNode::timer_cb 3494594146 3496595462
LoggerNode::timer_cb 3498206277 3500207204
ProducerNode::timer_callback 3500879458 3501108784
LoggerNode::cb 3501127250 3501627862
ConsumerNode::cb 3501216210 3501717289
ConsumerNode::timer_cb 3504623049 3506627014
LoggerNode::timer_cb 3508186544 3510187766
ProducerNode::timer_callback 3510880810 3511124578
LoggerNode::cb 3511152571 3511653193
ConsumerNode::cb 3511231419 3511732916
ConsumerNode::timer_cb 3514612351 3516615160
LoggerNode::timer_cb 3518186632 3520187819
ProducerNode::timer_callback 3520894670 3521136606
LoggerNode::cb 3521162928 3521663921
ConsumerNode::cb 3521240470 3521741859
ConsumerNode::timer_cb 3524622562 3526625990
LoggerNode::timer_cb 3528185944 3530187129
ProducerNode::timer_callback 3530883698 3531128489
LoggerNode::cb 3531155908 3531656714
ConsumerNode::cb 3531237175 3531738909
ConsumerNode::timer_cb 3534623068 3536626915
LoggerNode::timer_cb 3538207956 3540209170
ProducerNode::timer_callback 3540885447 3541129411
LoggerNode::cb 3541157634 3541658312
ConsumerNode::cb 3541235262 3541737105
ConsumerNode::timer_cb 3544623578 3546627940
LoggerNode::timer_cb 3548205220 3550206517
ProducerNode::timer_callback 3550885951 3551120921
LoggerNode::cb 3551144097 3551644623
ConsumerNode::cb 3551231214 3551732659
ConsumerNode::timer_cb 3554583588 3556584501
LoggerNode::timer_cb 3558176420 3560177343
ProducerNode::timer_callback 3560878438 3561097307
LoggerNode::cb 3561110882 3561611416
ConsumerNode::cb 3561201108 3561702555
ConsumerNode::timer_cb 3564583429 3566584226
LoggerNode::timer_cb 3568180797 3570181771
ProducerNode::timer_callback 3570878519 3571092927
LoggerNode::cb 3571106085 3571606576
ConsumerNode::cb 3571196705 3571698034
ConsumerNode::timer_cb 3574648961 3576652369
LoggerNode::timer_cb 3578185645 3580186714
ProducerNode::timer_callback 3580878961 3581123670
LoggerNode::cb 3581148360 3581648954
ConsumerNode::cb 3581229613 3581731138
ConsumerNode::timer_cb 3584646320 3586650497
LoggerNode::timer_cb 3588195776 3590197393
ProducerNode::timer_callback 3590879515 3591124787
LoggerNode::cb 3591148963 3591649550
ConsumerNode::cb 3591229788 3591731201
ConsumerNode::timer_cb 3594587420 3596588521
LoggerNode::timer_cb 3598164511 3600167167
ProducerNode::timer_callback 3600890181 3601144653
LoggerNode::cb 3601178124 3601679081
ConsumerNode::cb 3601178148 3601680624
ConsumerNode::timer_cb 3604605698 3606607703
LoggerNode::timer_cb 3608175388 3610176781
ProducerNode::timer_callback 3610883277 3611139779
LoggerNode::cb 3611181589 3611682576
ConsumerNode::cb 3611181582 3611683047
ConsumerNode::timer_cb 3614610843 3616613935
LoggerNode::timer_cb 3618177127 3620179253
ProducerNode::timer_callback 3620884962 3621131664
LoggerNode::cb 3621160723 3621661918
ConsumerNode::cb 3621174078 3621675428
ConsumerNode::timer_cb 3624584864 3626585751
LoggerNode::timer_cb 3628199584 3630200768
ProducerNode::timer_callback 3630850130 3631080228
LoggerNode::cb 3631097326 3631597800
ConsumerNode::cb 3631121219 3631622576
ConsumerNode::timer_cb 3634594447 3636596157
LoggerNode::timer_cb 3638186780 3640188323
ProducerNode::timer_callback 3640876542 3641132931
LoggerNode::cb 3641168490 3641669482
ConsumerNode::cb 3641238629 3641740174
ConsumerNode::timer_cb 3644610883 3646615014
LoggerNode::timer_cb 3648209312 3650210558
ProducerNode::timer_callback 3650884741 3651128938
LoggerNode::cb 3651153794 3651654368
ConsumerNode::cb 3651241819 3651743567
ConsumerNode::timer_cb 3654622036 3656625971
LoggerNode::timer_cb 3658202656 3660203878
ProducerNode::timer_callback 3660878334 3661124271
LoggerNode::cb 3661148288 3661648836
ConsumerNode::cb 3661230015 3661731635
ConsumerNode::timer_cb 3664587360 3666588324
LoggerNode::timer_cb 3668207288 3670210722
ProducerNode::timer_callback 3670887133 3671130783
LoggerNode::cb 3671155145 3671655736
ConsumerNode::cb 3671245742 3671747622
ConsumerNode::timer_cb 3674586906 3676588092
LoggerNode::timer_cb 3678172880 3680173821
ProducerNode::timer_callback 3680873356 3681087709
LoggerNode::cb 3681101097 3681601615
ConsumerNode::cb 3681134124 3681635485
ConsumerNode::timer_cb 3684657737 3686661669
LoggerNode::timer_cb 3688189860 3690191627
ProducerNode::timer_callback 3690900933 3691151092
LoggerNode::cb 3691188221 3691689291
ConsumerNode::cb 3691188453 3691690771
ConsumerNode::timer_cb 3694611533 3696615272
LoggerNode::timer_cb 3698205669 3700209030
ProducerNode::timer_callback 3700883680 3701127313
LoggerNode::cb 3701156488 3701657170
ConsumerNode::cb 3701235725 3701737480
ConsumerNode::timer_cb 3704623053 3706627011
LoggerNode::timer_cb 3708187455 3710188688
ProducerNode::timer_callback 3710879797 3711123416
LoggerNode::cb 3711150220 3711650869
ConsumerNode::cb 3711228819 3711730152
ConsumerNode::timer_cb 3714582060 3716582682
LoggerNode::timer_cb 3718179118 3720180046
ProducerNode::timer_callback 3720881623 3721097233
LoggerNode::cb 3721114539 3721615221
ConsumerNode::cb 3721201649 3721702723
ConsumerNode::timer_cb 3724621775 3726625689
LoggerNode::timer_cb 3728185412 3730186514
ProducerNode::timer_callback 3730852486 3731096331
LoggerNode::cb 3731124848 3731625601
ConsumerNode::cb 3731201909 3731703427
ConsumerNode::timer_cb 3734621848 3736625677
LoggerNode::timer_cb 3738213354 3740214440
ProducerNode::timer_callback 3740881787 3741126569
LoggerNode::cb 3741155734 3741656552
ConsumerNode::cb 3741170380 3741672017
ConsumerNode::timer_cb 3744624088 3746627957
LoggerNode::timer_cb 3748186975 3750188173
ProducerNode::timer_callback 3750881246 3751125376
LoggerNode::cb 3751153059 3751653892
ConsumerNode::cb 3751228552 3751729789
ConsumerNode::timer_cb 3754582559 3756583448
LoggerNode::timer_cb 3758197870 3760198882
ProducerNode::timer_callback 3760880854 3761098716
LoggerNode::cb 3761116102 3761616857
ConsumerNode::cb 3761201774 3761702922
ConsumerNode::timer_cb 3764606324 3766607117
LoggerNode::timer_cb 3768194692 3770195662
ProducerNode::timer_callback 3770881756 3771096635
LoggerNode::cb 3771113533 3771614510
ConsumerNode::cb 3771204902 3771705982
ConsumerNode::timer_cb 3774585504 3776586560
LoggerNode::timer_cb 3778179752 3780180843
ProducerNode::timer_callback 3780870370 3781088287
LoggerNode::cb 3781107261 3781607900
ConsumerNode::cb 3781203618 3781704793
ConsumerNode::timer_cb 3784622438 3786626228
LoggerNode::timer_cb 3788208387 3790209671
ProducerNode::timer_callback 3790885577 3791130627
LoggerNode::cb 3791158722 3791659372
ConsumerNode::cb 3791241805 3791743430
ConsumerNode::timer_cb 3794648887 3796652631
LoggerNode::timer_cb 3798209746 3800210986
ProducerNode::timer_callback 3800880249 3801124975
LoggerNode::cb 3801153127 3801653732
ConsumerNode::cb 3801232864 3801734062
ConsumerNode::timer_cb 3804623687 3806627235
LoggerNode::timer_cb 3808193598 3810194842
ProducerNode::timer_callback 3810885620 3811131040
LoggerNode::cb 3811158239 3811658854
ConsumerNode::cb 3811242745 3811744355
ConsumerNode::timer_cb 3814582677 3816583421
LoggerNode::timer_cb 3818176483 3820177477
ProducerNode::timer_callback 3820880328 3821095132
LoggerNode::cb 3821111667 3821612265
ConsumerNode::cb 3821195959 3821697002
ConsumerNode::timer_cb 3824584877 3826585840
LoggerNode::timer_cb 3828174993 3830176072
ProducerNode::timer_callback 3830879739 3831095109
LoggerNode::cb 3831111798 3831612354
ConsumerNode::cb 3831151844 3831653155
ConsumerNode::timer_cb 3834658353 3836661724
LoggerNode::timer_cb 3838207794 3840209501
ProducerNode::timer_callback 3840885959 3841142839
LoggerNode::cb 3841176674 3841677680
ConsumerNode::cb 3841176475 3841678129
ConsumerNode::timer_cb 3844614596 3846617642
LoggerNode::timer_cb 3848187063 3850188210
ProducerNode::timer_callback 3850880343 3851123756
LoggerNode::cb 3851152003 3851652849
ConsumerNode::cb 3851233111 3851734711
ConsumerNode::timer_cb 3854622662 3856626234
LoggerNode::timer_cb 3858205457 3860206677
ProducerNode::timer_callback 3860879195 3861123991
LoggerNode::cb 3861149651 3861650260
ConsumerNode::cb 3861227748 3861729248
ConsumerNode::timer_cb 3864583508 3866584293
LoggerNode::timer_cb 3868192823 3870193839
ProducerNode::timer_callback 3870887631 3871105715
LoggerNode::cb 3871119664 3871620223
ConsumerNode::cb 3871213356 3871714664
ConsumerNode::timer_cb 3874586485 3876587501
LoggerNode::timer_cb 3878189231 3880190202
ProducerNode::timer_callback 3880879572 3881093879
LoggerNode::cb 3881107206 3881607782
ConsumerNode::cb 3881114408 3881615735
ConsumerNode::timer_cb 3884598537 3886601273
LoggerNode::timer_cb 3888186974 3890188205
ProducerNode::timer_callback 3890883697 3891127535
ConsumerNode::cb 3891147705 3891649107
LoggerNode::cb 3891150008 3891650907
ConsumerNode::timer_cb 3894616338 3896620759
LoggerNode::timer_cb 3898205771 3900207516
ProducerNode::timer_callback 3900879693 3901127113
LoggerNode::cb 3901154207 3901654893
ConsumerNode::cb 3901172056 3901673337
ConsumerNode::timer_cb 3904623016 3906626924
LoggerNode::timer_cb 3908185947 3910187270
ProducerNode::timer_callback 3910880063 3911123907
LoggerNode::cb 3911148859 3911649435
ConsumerNode::cb 3911234914 3911736408
ConsumerNode::timer_cb 3914618144 3916621372
LoggerNode::timer_cb 3918201624 3920202679
ProducerNode::timer_callback 3920878711 3921122949
LoggerNode::cb 3921147522 3921648062
ConsumerNode::cb 3921234742 3921736449
ConsumerNode::timer_cb 3924614450 3926617681
LoggerNode::timer_cb 3928205184 3930206245
ProducerNode::timer_callback 3930878494 3931120179
LoggerNode::cb 3931146222 3931646809
ConsumerNode::cb 3931160965 3931662654
ConsumerNode::timer_cb 3934623111 3936626883
LoggerNode::timer_cb 3938193393 3940195016
ProducerNode::timer_callback 3940881564 3941126323
LoggerNode::cb 3941150999 3941651653
ConsumerNode::cb 3941231566 3941732895
ConsumerNode::timer_cb 3944623498 3946627815
LoggerNode::timer_cb 3948182464 3950183637
ProducerNode::timer_callback 3950878831 3951122926
LoggerNode::cb 3951147130 3951647836
ConsumerNode::cb 3951228699 3951730073
ConsumerNode::timer_cb 3954618742 3956622133
LoggerNode::timer_cb 3958192938 3960194029
ProducerNode::timer_callback 3960885204 3961129668
LoggerNode::cb 3961153904 3961654426
ConsumerNode::cb 3961240503 3961742044
ConsumerNode::timer_cb 3964619020 3966623593
LoggerNode::timer_cb 3968185069 3970186152
ProducerNode::timer_callback 3970882447 3971126030
LoggerNode::cb 3971150327 3971650895
ConsumerNode::cb 3971238392 3971740044
ConsumerNode::timer_cb 3974586135 3976587152
LoggerNode::timer_cb 3978195264 3980196233
ProducerNode::timer_callback 3980850589 3981069162
LoggerNode::cb 3981083421 3981584078
ConsumerNode::cb 3981107206 3981608615
ConsumerNode::timer_cb 3984586730 3986587695
LoggerNode::timer_cb 3988172244 3990173244
ProducerNode::timer_callback 3990879005 3991096046
LoggerNode::cb 3991109674 3991610179
ConsumerNode::cb 3991209751 3991710971
ConsumerNode::timer_cb 3994618129 3996621212
LoggerNode::timer_cb 3998177147 4000178192
ProducerNode::timer_callback 4000882325 4001124160
LoggerNode::cb 4001149271 4001649904
ConsumerNode::cb 4001165265 4001666725
ConsumerNode::timer_cb 4004624582 4006628036
LoggerNode::timer_cb 4008202181 4010203304
ProducerNode::timer_callback 4010884082 4011128150
LoggerNode::cb 4011152729 4011653317
ConsumerNode::cb 4011233300 4011734835
ConsumerNode::timer_cb 4014628674 4016634634
LoggerNode::timer_cb 4018202099 4020203309
ProducerNode::timer_callback 4020885978 4021129730
LoggerNode::cb 4021153808 4021654348
ConsumerNode::cb 4021236511 4021737885
ConsumerNode::timer_cb 4024596131 4026598765
LoggerNode::timer_cb 4028188220 4030189644
ProducerNode::timer_callback 4030885641 4031122208
LoggerNode::cb 4031140888 4031641550
ConsumerNode::cb 4031162185 4031663705
ConsumerNode::timer_cb 4034644534 4036647976
LoggerNode::timer_cb 4038186464 4040187638
ProducerNode::timer_callback 4040873093 4041132659
LoggerNode::cb 4041174736 4041675909
ConsumerNode::cb 4041240127 4041741948
ConsumerNode::timer_cb 4044613247 4046616975
LoggerNode::timer_cb 4048166022 4050167320
ProducerNode::timer_callback 4050881988 4051127228
LoggerNode::cb 4051151529 4051652075
ConsumerNode::cb 4051233765 4051735256
ConsumerNode::timer_cb 4054623516 4056626991
LoggerNode::timer_cb 4058185343 4060186537
ProducerNode::timer_callback 4060879026 4061124979
LoggerNode::cb 4061149009 4061649501
ConsumerNode::cb 4061230611 4061732285
ConsumerNode::timer_cb 4064622244 4066625633
LoggerNode::timer_cb 4068204399 4070205560
ProducerNode::timer_callback 4070880913 4071125210
LoggerNode::cb 4071149677 4071650252
ConsumerNode::cb 4071238037 4071739748
ConsumerNode::timer_cb 4074624004 4076627387
LoggerNode::timer_cb 4078183937 4080185040
ProducerNode::timer_callback 4080882689 4081127072
LoggerNode::cb 4081150379 4081650939
ConsumerNode::cb 4081236317 4081737977
ConsumerNode::timer_cb 4084590596 4086591685
LoggerNode::timer_cb 4088178027 4090179079
ProducerNode::timer_callback 4090882010 4091104646
LoggerNode::cb 4091119660 4091620278
ConsumerNode::cb 4091206149 4091707599
ConsumerNode::timer_cb 4094606418 4096610096
LoggerNode::timer_cb 4098182925 4100184899
ProducerNode::timer_callback 4100887844 4101134317
LoggerNode::cb 4101163796 4101664500
ConsumerNode::cb 4101177768 4101679395
ConsumerNode::timer_cb 4104581852 4106582675
LoggerNode::timer_cb 4108181403 4110182236
ProducerNode::timer_callback 4110876640 4111095305
LoggerNode::cb 4111108185 4111608645
ConsumerNode::cb 4111203354 4111704723
ConsumerNode::timer_cb 4114622800 4116626220
LoggerNode::timer_cb 4118184079 4120185187
ProducerNode::timer_callback 4120878666 4121123724
LoggerNode::cb 4121147500 4121648098
ConsumerNode::cb 4121233194 4121734597
ConsumerNode::timer_cb 4124587638 4126588787
LoggerNode::timer_cb 4128175712 4130176660
ProducerNode::timer_callback 4130877904 4131099762
LoggerNode::cb 4131114099 4131614594
ConsumerNode::cb 4131201472 4131702905
ConsumerNode::timer_cb 4134617218 4136620395
LoggerNode::timer_cb 4138183566 4140184798
ProducerNode::timer_callback 4140881565 4141125564
LoggerNode::cb 4141150104 4141650771
ConsumerNode::cb 4141168953 4141670716
ConsumerNode::timer_cb 4144651558 4146655318
LoggerNode::timer_cb 4148201700 4150202825
ProducerNode::timer_callback 4150878567 4151123012
LoggerNode::cb 4151147110 4151647625
ConsumerNode::cb 4151232164 4151733835
ConsumerNode::timer_cb 4154582776 4156583625
LoggerNode::timer_cb 4158176570 4160177767
ProducerNode::timer_callback 4160877689 4161094863
LoggerNode::cb 4161108042 4161608495
ConsumerNode::cb 4161196956 4161698261
ConsumerNode::timer_cb 4164586973 4166587995
LoggerNode::timer_cb 4168178384 4170179311
ProducerNode::timer_callback 4170890842 4171104736
LoggerNode::cb 4171117606 4171618116
ConsumerNode::cb 4171209967 4171711289
ConsumerNode::timer_cb 4174615993 4176619207
LoggerNode::timer_cb 4178199888 4180200942
ProducerNode::timer_callback 4180878417 4181120626
LoggerNode::cb 4181145535 4181646100
ConsumerNode::cb 4181160305 4181662066
ConsumerNode::timer_cb 4184624071 4186627766
LoggerNode::timer_cb 4188186732 4190187987
ProducerNode::timer_callback 4190882016 4191126743
LoggerNode::cb 4191155161 4191655846
ConsumerNode::cb 4191234252 4191735753
ConsumerNode::timer_cb 4194656855 4196660758
LoggerNode::timer_cb 4198187480 4200188702
ProducerNode::timer_callback 4200880661 4201124732
LoggerNode::cb 4201153512 4201654314
ConsumerNode::cb 4201227299 4201728758
ConsumerNode::timer_cb 4204662983 4206666520
LoggerNode::timer_cb 4208187133 4210188401
ProducerNode::timer_callback 4210883727 4211128143
LoggerNode::cb 4211156131 4211656812
ConsumerNode::cb 4211231694 4211733067
ConsumerNode::timer_cb 4214581686 4216582323
LoggerNode::timer_cb 4218193369 4220194362
ProducerNode::timer_callback 4220884654 4221099478
LoggerNode::cb 4221115969 4221616641
ConsumerNode::cb 4221201529 4221702656
ConsumerNode::timer_cb 4224585836 4226587272
LoggerNode::timer_cb 4228144944 4230146001
ProducerNode::timer_callback 4230881473 4231097731
LoggerNode::cb 4231114874 4231615532
ConsumerNode::cb 4231137498 4231638823
ConsumerNode::timer_cb 4234623023 4236626521
LoggerNode::timer_cb 4238208055 4240209603
ProducerNode::timer_callback 4240881444 4241127730
LoggerNode::cb 4241159733 4241660529
ConsumerNode::cb 4241159966 4241661761
ConsumerNode::timer_cb 4244614039 4246617978
LoggerNode::timer_cb 4248216193 4250220396
ProducerNode::timer_callback 4250880371 4251125950
LoggerNode::cb 4251155387 4251656058
ConsumerNode::cb 4251239976 4251741369
ConsumerNode::timer_cb 4254586969 4256588125
LoggerNode::timer_cb 4258180708 4260181845
ProducerNode::timer_callback 4260879779 4261100761
LoggerNode::cb 4261116788 4261617315
ConsumerNode::cb 4261134780 4261635615
ConsumerNode::timer_cb 4264621895 4266625682
LoggerNode::timer_cb 4268206533 4270207816
ProducerNode::timer_callback 4270881690 4271126459
LoggerNode::cb 4271150642 4271651175
ConsumerNode::cb 4271228977 4271730753
ConsumerNode::timer_cb 4274623368 4276626790
LoggerNode::timer_cb 4278184432 4280185510
ProducerNode::timer_callback 4280882311 4281128380
LoggerNode::cb 4281154736 4281655355
ConsumerNode::cb 4281167540 4281668987
ConsumerNode::timer_cb 4284624126 4286627638
LoggerNode::timer_cb 4288201137 4290202555
ProducerNode::timer_callback 4290881845 4291126651
LoggerNode::cb 4291151094 4291651678
ConsumerNode::cb 4291229469 4291730745
ConsumerNode::timer_cb 4294623058 4296627117
LoggerNode::timer_cb 4298166815 4300171094
ProducerNode::timer_callback 4300902785 4301152119
LoggerNode::cb 4301187499 4301688435
ConsumerNode::cb 4301195759 4301697230
ConsumerNode::timer_cb 4304580635 4306581454
LoggerNode::timer_cb 4308151749 4310153054
ProducerNode::timer_callback 4310880862 4311109022
LoggerNode::cb 4311128060 4311628646
ConsumerNode::cb 4311219143 4311720360
ConsumerNode::timer_cb 4314581761 4316582382
LoggerNode::timer_cb 4318193144 4320194184
ProducerNode::timer_callback 4320880999 4321099286
ConsumerNode::cb 4321114334 4321615436
LoggerNode::cb 4321117603 4321618320
ConsumerNode::timer_cb 4324613184 4326614614
LoggerNode::timer_cb 4328147188 4330148285
ProducerNode::timer_callback 4330880166 4331104309
LoggerNode::cb 4331125220 4331626005
ConsumerNode::cb 4331141439 4331642572
ConsumerNode::timer_cb 4334614396 4336618595
LoggerNode::timer_cb 4338192454 4340193716
ProducerNode::timer_callback 4340883987 4341127686
LoggerNode::cb 4341157201 4341657937
ConsumerNode::cb 4341234444 4341736088
ConsumerNode::timer_cb 4344623799 4346627606
LoggerNode::timer_cb 4348207921 4350209140
ProducerNode::timer_callback 4350852379 4351097741
LoggerNode::cb 4351127500 4351628349
ConsumerNode::cb 4351146663 4351648275
ConsumerNode::timer_cb 4354585419 4356586507
LoggerNode::timer_cb 4358196644 4360197640
ProducerNode::timer_callback 4360887342 4361105611
LoggerNode::cb 4361122565 4361623265
ConsumerNode::cb 4361207829 4361708876
ConsumerNode::timer_cb 4364621743 4366625619
LoggerNode::timer_cb 4368206016 4370207261
ProducerNode::timer_callback 4370885063 4371129258
LoggerNode::cb 4371157593 4371658303
ConsumerNode::cb 4371236472 4371737892
ConsumerNode::timer_cb 4374587353 4376588494
LoggerNode::timer_cb 4378210832 4380211880
ProducerNode::timer_callback 4380881746 4381103503
LoggerNode::cb 4381121525 4381622242
ConsumerNode::cb 4381210724 4381711847
ConsumerNode::timer_cb 4384598121 4386601106
LoggerNode::timer_cb 4388197197 4390198539
ProducerNode::timer_callback 4390888473 4391125212
LoggerNode::cb 4391150663 4391651373
ConsumerNode::cb 4391234062 4391735424
ConsumerNode::timer_cb 4394624023 4396627515
LoggerNode::timer_cb 4398204855 4400206059
ProducerNode::timer_callback 4400880573 4401125267
LoggerNode::cb 4401153659 4401654334
ConsumerNode::cb 4401231304 4401733050
ConsumerNode::timer_cb 4404623121 4406627504
LoggerNode::timer_cb 4408206220 4410207286
ProducerNode::timer_callback 4410882818 4411127743
LoggerNode::cb 4411157146 4411657830
ConsumerNode::cb 4411244329 4411745925
ConsumerNode::timer_cb 4414623825 4416627752
LoggerNode::timer_cb 4418208170 4420209501
ProducerNode::timer_callback 4420896193 4421143179
LoggerNode::cb 4421170631 4421671277
ConsumerNode::cb 4421250831 4421752349
ConsumerNode::timer_cb 4424591222 4426592647
LoggerNode::timer_cb 4428192616 4430193573
ProducerNode::timer_callback 4430887482 4431115415
LoggerNode::cb 4431130785 4431631406
ConsumerNode::cb 4431224181 4431725574
ConsumerNode::timer_cb 4434623516 4436627447
LoggerNode::timer_cb 4438199247 4440200741
ProducerNode::timer_callback 4440882399 4441132053
LoggerNode::cb 4441164100 4441665329
ConsumerNode::cb 4441164517 4441666246
ConsumerNode::timer_cb 4444615234 4446618798
LoggerNode::timer_cb 4448233739 4450239083
ProducerNode::timer_callback 4450880097 4451124759
LoggerNode::cb 4451150927 4451651543
ConsumerNode::cb 4451236995 4451738565
ConsumerNode::timer_cb 4454664163 4456667707
LoggerNode::timer_cb 4458217058 4460218800
ProducerNode::timer_callback 4460879840 4461125127
LoggerNode::cb 4461151934 4461652578
ConsumerNode::cb 4461164333 4461665420
ConsumerNode::timer_cb 4464652727 4466656041
LoggerNode::timer_cb 4468183591 4470184798
ProducerNode::timer_callback 4470887128 4471131798
LoggerNode::cb 4471155688 4471656242
ConsumerNode::cb 4471238694 4471740117
ConsumerNode::timer_cb 4474586992 4476587994
LoggerNode::timer_cb 4478191467 4480192402
ProducerNode::timer_callback 4480877354 4481091392
LoggerNode::cb 4481104002 4481604483
ConsumerNode::cb 4481194901 4481696193
ConsumerNode::timer_cb 4484669363 4486673120
LoggerNode::timer_cb 4488200471 4490201746
ProducerNode::timer_callback 4490887843 4491131765
LoggerNode::cb 4491157000 4491657540
ConsumerNode::cb 4491241036 4491742468
ConsumerNode::timer_cb 4494654301 4496658541
LoggerNode::timer_cb 4498168359 4500170998
ProducerNode::timer_callback 4500923544 4501174387
LoggerNode::cb 4501207682 4501708536
ConsumerNode::cb 4501223317 4501725065
ConsumerNode::timer_cb 4504583439 4506584342
LoggerNode::timer_cb 4508201369 4510202917
ProducerNode::timer_callback 4510877652 4511104340
LoggerNode::cb 4511120328 4511620911
ConsumerNode::cb 4511214951 4511716394
ConsumerNode::timer_cb 4514623168 4516627102
LoggerNode::timer_cb 4518202310 4520203363
ProducerNode::timer_callback 4520893014 4521137604
LoggerNode::cb 4521162246 4521662770
ConsumerNode::cb 4521241435 4521742997
ConsumerNode::timer_cb 4524587170 4526588152
LoggerNode::timer_cb 4528192643 4530193650
ProducerNode::timer_callback 4530877881 4531096664
LoggerNode::cb 4531109958 4531610494
ConsumerNode::cb 4531212671 4531713965
ConsumerNode::timer_cb 4534666861 4536670278
LoggerNode::timer_cb 4538201226 4540202646
ProducerNode::timer_callback 4540879860 4541124734
LoggerNode::cb 4541150778 4541651451
ConsumerNode::cb 4541166237 4541667835
ConsumerNode::timer_cb 4544623924 4546627341
LoggerNode::timer_cb 4548201349 4550202473
ProducerNode::timer_callback 4550885326 4551128942
LoggerNode::cb 4551153711 4551654290
ConsumerNode::cb 4551235061 4551736541
ConsumerNode::timer_cb 4554582615 4556583500
LoggerNode::timer_cb 4558179565 4560180620
ProducerNode::timer_callback 4560880184 4561099059
LoggerNode::cb 4561112746 4561613273
ConsumerNode::cb 4561212567 4561713859
ConsumerNode::timer_cb 4564645237 4566649207
LoggerNode::timer_cb 4568209679 4570210718
ProducerNode::timer_callback 4570878267 4571121854
LoggerNode::cb 4571146480 4571647004
ConsumerNode::cb 4571230629 4571732080
ConsumerNode::timer_cb 4574586780 4576587840
LoggerNode::timer_cb 4578204152 4580205284
ProducerNode::timer_callback 4580878797 4581097803
LoggerNode::cb 4581111627 4581612104
ConsumerNode::cb 4581207181 4581708362
ConsumerNode::timer_cb 4584587121 4586588087
LoggerNode::timer_cb 4588205418 4590207758
ProducerNode::timer_callback 4590881931 4591123246
LoggerNode::cb 4591146789 4591647361
ConsumerNode::cb 4591246675 4591748379
ConsumerNode::timer_cb 4594623601 4596627377
LoggerNode::timer_cb 4598200262 4600201333
ProducerNode::timer_callback 4600882769 4601127493
LoggerNode::cb 4601151732 4601652234
ConsumerNode::cb 4601233786 4601735204
ConsumerNode::timer_cb 4604622725 4606627235
LoggerNode::timer_cb 4608200561 4610201601
ProducerNode::timer_callback 4610878041 4611122389
LoggerNode::cb 4611146603 4611647149
ConsumerNode::cb 4611239835 4611741399
ConsumerNode::timer_cb 4614622740 4616626311
LoggerNode::timer_cb 4618200275 4620201551
ProducerNode::timer_callback 4620878368 4621130083
LoggerNode::cb 4621157412 4621658255
ConsumerNode::cb 4621157776 4621659850
ConsumerNode::timer_cb 4624615313 4626620117
LoggerNode::timer_cb 4628207965 4630209826
ProducerNode::timer_callback 4630883894 4631132041
LoggerNode::cb 4631160981 4631661580
ConsumerNode::cb 4631178791 4631680426
ConsumerNode::timer_cb 4634585006 4636586722
LoggerNode::timer_cb 4638195227 4640196662
ProducerNode::timer_callback 4640880173 4641131214
LoggerNode::cb 4641162130 4641662882
ConsumerNode::cb 4641162185 4641664429
ConsumerNode::timer_cb 4644619228 4646623044
LoggerNode::timer_cb 4648213484 4650214981
ProducerNode::timer_callback 4650890099 4651135762
LoggerNode::cb 4651165430 4651666140
ConsumerNode::cb 4651240769 4651742570
ConsumerNode::timer_cb 4654623622 4656627213
LoggerNode::timer_cb 4658220715 4660223202
ProducerNode::timer_callback 4660881937 4661127774
LoggerNode::cb 4661158066 4661658814
ConsumerNode::cb 4661163004 4661663847
ConsumerNode::timer_cb 4664621668 4666625560
LoggerNode::timer_cb 4668203924 4670205158
ProducerNode::timer_callback 4670882313 4671127088
LoggerNode::cb 4671154796 4671655496
ConsumerNode::cb 4671237176 4671738547
ConsumerNode::timer_cb 4674621575 4676625362
LoggerNode::timer_cb 4678202863 4680204092
ProducerNode::timer_callback 4680881256 4681125971
LoggerNode::cb 4681154113 4681654945
ConsumerNode::cb 4681241341 4681742879
ConsumerNode::timer_cb 4684611182 4686614325
LoggerNode::timer_cb 4688206438 4690207579
ProducerNode::timer_callback 4690884979 4691125793
LoggerNode::cb 4691153124 4691653822
ConsumerNode::cb 4691235444 4691736872
ConsumerNode::timer_cb 4694624493 4696627863
LoggerNode::timer_cb 4698216224 4700217787
ProducerNode::timer_callback 4700882621 4701143124
LoggerNode::cb 4701180576 4701681906
ConsumerNode::cb 4701180176 4701682152
ConsumerNode::timer_cb 4704600177 4706602913
LoggerNode::timer_cb 4708210749 4710212352
ProducerNode::timer_callback 4710882655 4711126544
LoggerNode::cb 4711152196 4711652792
ConsumerNode::cb 4711232472 4711733961
ConsumerNode::timer_cb 4714623619 4716627033
LoggerNode::timer_cb 4718204002 4720205170
ProducerNode::timer_callback 4720884734 4721128540
LoggerNode::cb 4721156335 4721656953
ConsumerNode::cb 4721235272 4721737006
ConsumerNode::timer_cb 4724587649 4726588678
LoggerNode::timer_cb 4728198883 4730199890
ProducerNode::timer_callback 4730901640 4731121513
LoggerNode::cb 4731139126 4731639734
ConsumerNode::cb 4731223315 4731724422
ConsumerNode::timer_cb 4734613008 4736615811
LoggerNode::timer_cb 4738186388 4740187663
ProducerNode::timer_callback 4740882772 4741124101
LoggerNode::cb 4741151241 4741651884
ConsumerNode::cb 4741228687 4741730056
ConsumerNode::timer_cb 4744623913 4746627766
LoggerNode::timer_cb 4748190176 4750191378
ProducerNode::timer_callback 4750880245 4751124303
LoggerNode::cb 4751152442 4751653092
ConsumerNode::cb 4751240020 4751741703
ConsumerNode::timer_cb 4754581246 4756582070
LoggerNode::timer_cb 4758188877 4760189873
ProducerNode::timer_callback 4760880110 4761098772
LoggerNode::cb 4761116044 4761616715
ConsumerNode::cb 4761201335 4761702449
ConsumerNode::timer_cb 4764580996 4766581694
LoggerNode::timer_cb 4768192033 4770193030
ProducerNode::timer_callback 4770880563 4771094721
LoggerNode::cb 4771111532 4771612140
ConsumerNode::cb 4771197015 4771698106
ConsumerNode::timer_cb 4774586357 4776587560
LoggerNode::timer_cb 4778198270 4780199267
ProducerNode::timer_callback 4780881409 4781099267
LoggerNode::cb 4781117934 4781618534
ConsumerNode::cb 4781206452 4781707643
ConsumerNode::timer_cb 4784582719 4786583528
LoggerNode::timer_cb 4788176368 4790177321
ProducerNode::timer_callback 4790883300 4791100987
LoggerNode::cb 4791118161 4791618880
ConsumerNode::cb 4791212109 4791713227
ConsumerNode::timer_cb 4794653135 4796656458
LoggerNode::timer_cb 4798187675 4800188886
ProducerNode::timer_callback 4800880782 4801125009
LoggerNode::cb 4801153482 4801654093
ConsumerNode::cb 4801230419 4801731931
ConsumerNode::timer_cb 4804654287 4806658321
LoggerNode::timer_cb 4808212851 4810214111
ProducerNode::timer_callback 4810881047 4811125599
LoggerNode::cb 4811153379 4811653987
ConsumerNode::cb 4811239988 4811741267
ConsumerNode::timer_cb 4814622619 4816626268
LoggerNode::timer_cb 4818186476 4820187749
ProducerNode::timer_callback 4820880338 4821124765
LoggerNode::cb 4821152704 4821653330
ConsumerNode::cb 4821233484 4821734856
ConsumerNode::timer_cb 4824586074 4826586937
LoggerNode::timer_cb 4828197959 4830198894
ProducerNode::timer_callback 4830899177 4831117293
LoggerNode::cb 4831134712 4831635328
ConsumerNode::cb 4831220739 4831721842
ConsumerNode::timer_cb 4834581853 4836582652
LoggerNode::timer_cb 4838190585 4840191999
ProducerNode::timer_callback 4840886948 4841123246
LoggerNode::cb 4841151031 4841651814
ConsumerNode::cb 4841157146 4841658860
ConsumerNode::timer_cb 4844613726 4846617251
LoggerNode::timer_cb 4848201518 4850202905
ProducerNode::timer_callback 4850879831 4851124921
LoggerNode::cb 4851155359 4851656112
ConsumerNode::cb 4851232813 4851734411
ConsumerNode::timer_cb 4854623469 4856627098
LoggerNode::timer_cb 4858181401 4860183083
ProducerNode::timer_callback 4860885230 4861130856
LoggerNode::cb 4861160399 4861661053
ConsumerNode::cb 4861234926 4861736118
ConsumerNode::timer_cb 4864621814 4866626314
LoggerNode::timer_cb 4868202541 4870203799
ProducerNode::timer_callback 4870884736 4871128976
LoggerNode::cb 4871158105 4871658973
ConsumerNode::cb 4871238232 4871739633
ConsumerNode::timer_cb 4874586331 4876587387
LoggerNode::timer_cb 4878180085 4880181109
ProducerNode::timer_callback 4880882408 4881107037
LoggerNode::cb 4881125177 4881625781
ConsumerNode::cb 4881213359 4881714466
ConsumerNode::timer_cb 4884582678 4886583866
LoggerNode::timer_cb 4888205725 4890207603
ProducerNode::timer_callback 4890897294 4891135541
LoggerNode::cb 4891164034 4891664838
ConsumerNode::cb 4891251549 4891752986
ConsumerNode::timer_cb 4894621917 4896625442
LoggerNode::timer_cb 4898198694 4900202448
ProducerNode::timer_callback 4900880716 4901125875
LoggerNode::cb 4901154810 4901655560
ConsumerNode::cb 4901169270 4901670369
ConsumerNode::timer_cb 4904609355 4906612755
LoggerNode::timer_cb 4908226695 4910229321
ProducerNode::timer_callback 4910881872 4911127731
LoggerNode::cb 4911157616 4911658294
ConsumerNode::cb 4911234049 4911735253
ConsumerNode::timer_cb 4914623081 4916626436
LoggerNode::timer_cb 4918205231 4920206430
ProducerNode::timer_callback 4920883480 4921127576
LoggerNode::cb 4921155230 4921655863
ConsumerNode::cb 4921237270 4921738960
ConsumerNode::timer_cb 4924587334 4926588449
LoggerNode::timer_cb 4928198939 4930200002
ProducerNode::timer_callback 4930879958 4931097288
LoggerNode::cb 4931114085 4931614773
ConsumerNode::cb 4931207274 4931708447
ConsumerNode::timer_cb 4934586412 4936587403
LoggerNode::timer_cb 4938143164 4940144219
ProducerNode::timer_callback 4940889343 4941106302
LoggerNode::cb 4941123438 4941624176
ConsumerNode::cb 4941215637 4941716867
ConsumerNode::timer_cb 4944585518 4946586655
LoggerNode::timer_cb 4948155397 4950157145
ProducerNode::timer_callback 4950885288 4951119279
LoggerNode::cb 4951145288 4951646174
ConsumerNode::cb 4951226271 4951727723
ConsumerNode::timer_cb 4954582368 4956583238
LoggerNode::timer_cb 4958178225 4960179275
ProducerNode::timer_callback 4960881662 4961104526
LoggerNode::cb 4961122174 4961622796
ConsumerNode::cb 4961221181 4961722362
ConsumerNode::timer_cb 4964616569 4966619962
LoggerNode::timer_cb 4968186261 4970187341
ProducerNode::timer_callback 4970882311 4971126164
LoggerNode::cb 4971150382 4971650895
ConsumerNode::cb 4971228531 4971729937
ConsumerNode::timer_cb 4974586931 4976587982
LoggerNode::timer_cb 4978192513 4980193476
ProducerNode::timer_callback 4980877991 4981099131
LoggerNode::cb 4981112833 4981613352
ConsumerNode::cb 4981202507 4981703815
ConsumerNode::timer_cb 4984586867 4986587879
LoggerNode::timer_cb 4988189012 4990190008
ProducerNode::timer_callback 4990879838 4991096760
LoggerNode::cb 4991110416 4991610913
ConsumerNode::cb 4991205167 4991706428
ConsumerNode::timer_cb 4994662540 4996665994
LoggerNode::timer_cb 4998186181 5000187422
ProducerNode::timer_callback 5000884679 5001130176
LoggerNode::cb 5001155012 5001655572
ConsumerNode::cb 5001239260 5001740840
ConsumerNode::timer_cb 5004665153 5006668735
LoggerNode::timer_cb 5008183245 5010184378
ProducerNode::timer_callback 5010883662 5011128594
LoggerNode::cb 5011157899 5011658647
ConsumerNode::cb 5011239166 5011740373
ConsumerNode::timer_cb 5014622740 5016626229
LoggerNode::timer_cb 5018189259 5020190499
ProducerNode::timer_callback 5020882388 5021126922
LoggerNode::cb 5021154627 5021655265
ConsumerNode::cb 5021244198 5021745729
ConsumerNode::timer_cb 5024587142 5026588114
LoggerNode::timer_cb 5028178767 5030179824
ProducerNode::timer_callback 5030887454 5031106616
LoggerNode::cb 5031124364 5031625036
ConsumerNode::cb 5031208950 5031710042
ConsumerNode::timer_cb 5034581944 5036582695
LoggerNode::timer_cb 5038181784 5040182911
ProducerNode::timer_callback 5040885561 5041122346
LoggerNode::cb 5041151522 5041652422
ConsumerNode::cb 5041156058 5041658071
ConsumerNode::timer_cb 5044658303 5046661881
LoggerNode::timer_cb 5048188173 5050189387
ProducerNode::timer_callback 5050882292 5051127477
LoggerNode::cb 5051158624 5051659457
ConsumerNode::cb 5051237776 5051739328
ConsumerNode::timer_cb 5054623426 5056627375
LoggerNode::timer_cb 5058200623 5060203520
ProducerNode::timer_callback 5060883462 5061129463
LoggerNode::cb 5061158851 5061659629
ConsumerNode::cb 5061164534 5061665446
ConsumerNode::timer_cb 5064615036 5066618915
LoggerNode::timer_cb 5068188595 5070189997
ProducerNode::timer_callback 5070883354 5071127759
LoggerNode::cb 5071152721 5071653340
ConsumerNode::cb 5071234466 5071736185
ConsumerNode::timer_cb 5074663742 5076667099
LoggerNode::timer_cb 5078184839 5080185909
ProducerNode::timer_callback 5080878955 5081123778
LoggerNode::cb 5081148059 5081648639
ConsumerNode::cb 5081241441 5081742842
ConsumerNode::timer_cb 5084586720 5086587757
LoggerNode::timer_cb 5088193303 5090194468
ProducerNode::timer_callback 5090883880 5091104192
LoggerNode::cb 5091118882 5091619440
ConsumerNode::cb 5091210967 5091712680
ConsumerNode::timer_cb 5094623800 5096627589
LoggerNode::timer_cb 5098203575 5100204758
ProducerNode::timer_callback 5100878737 5101123926
LoggerNode::cb 5101148547 5101649196
ConsumerNode::cb 5101227386 5101728790
ConsumerNode::timer_cb 5104603906 5106607294
LoggerNode::timer_cb 5108167435 5110170129
ProducerNode::timer_callback 5110884368 5111131546
LoggerNode::cb 5111161462 5111662200
ConsumerNode::cb 5111175242 5111677096
ConsumerNode::timer_cb 5114587415 5116588408
LoggerNode::timer_cb 5118175365 5120176220
ProducerNode::timer_callback 5120877007 5121096331
LoggerNode::cb 5121108487 5121608960
ConsumerNode::cb 5121201455 5121702791
ConsumerNode::timer_cb 5124586786 5126587846
LoggerNode::timer_cb 5128177971 5130179012
ProducerNode::timer_callback 5130877843 5131096111
LoggerNode::cb 5131110822 5131611296
ConsumerNode::cb 5131201915 5131703285
ConsumerNode::timer_cb 5134586789 5136588985
LoggerNode::timer_cb 5138186212 5140188323
ProducerNode::timer_callback 5140876823 5141118695
LoggerNode::cb 5141141963 5141642729
ConsumerNode::cb 5141176103 5141677873
ConsumerNode::timer_cb 5144623000 5146626422
LoggerNode::timer_cb 5148184908 5150186078
ProducerNode::timer_callback 5150879844 5151124190
LoggerNode::cb 5151148065 5151648600
ConsumerNode::cb 5151234935 5151736595
ConsumerNode::timer_cb 5154583228 5156584078
LoggerNode::timer_cb 5158173765 5160174711
ProducerNode::timer_callback 5160877029 5161093779
LoggerNode::cb 5161106504 5161606972
ConsumerNode::cb 5161203859 5161705129
ConsumerNode::timer_cb 5164663879 5166667729
LoggerNode::timer_cb 5168191779 5170193150
ProducerNode::timer_callback 5170879015 5171123944
LoggerNode::cb 5171148761 5171649418
ConsumerNode::cb 5171164458 5171665921
ConsumerNode::timer_cb 5174588542 5176589676
LoggerNode::timer_cb 5178210253 5180211355
ProducerNode::timer_callback 5180876715 5181110826
LoggerNode::cb 5181127574 5181628022
ConsumerNode::cb 5181214015 5181715364
ConsumerNode::timer_cb 5184586707 5186587703
LoggerNode::timer_cb 5188179499 5190180581
ProducerNode::timer_callback 5190881641 5191102896
LoggerNode::cb 5191117186 5191618082
ConsumerNode::cb 5191205613 5191706939
ConsumerNode::timer_cb 5194673333 5196677538
LoggerNode::timer_cb 5198200912 5200202057
ProducerNode::timer_callback 5200880204 5201124468
LoggerNode::cb 5201149102 5201650031
ConsumerNode::cb 5201238922 5201740334
ConsumerNode::timer_cb 5204623091 5206626935
LoggerNode::timer_cb 5208208333 5210209435
ProducerNode::timer_callback 5210877519 5211121779
LoggerNode::cb 5211145747 5211646249
ConsumerNode::cb 5211234632 5211736101
ConsumerNode::timer_cb 5214622233 5216625641
LoggerNode::timer_cb 5218183893 5220184965
ProducerNode::timer_callback 5220880353 5221125061
LoggerNode::cb 5221149107 5221649625
ConsumerNode::cb 5221236061 5221737766
ConsumerNode::timer_cb 5224593932 5226595468
LoggerNode::timer_cb 5228205334 5230206310
ProducerNode::timer_callback 5230873656 5231108054
LoggerNode::cb 5231125198 5231625730
ConsumerNode::cb 5231150427 5231651856
ConsumerNode::timer_cb 5234583063 5236583942
LoggerNode::timer_cb 5238178419 5240179594
ProducerNode::timer_callback 5240865938 5241117343
LoggerNode::cb 5241149828 5241650935
ConsumerNode::cb 5241225086 5241727071
ConsumerNode::timer_cb 5244620309 5246624407
LoggerNode::timer_cb 5248220317 5250221917
ProducerNode::timer_callback 5250881633 5251127525
LoggerNode::cb 5251153735 5251654300
ConsumerNode::cb 5251233082 5251734735
ConsumerNode::timer_cb 5254649149 5256653018
LoggerNode::timer_cb 5258197843 5260199902
ProducerNode::timer_callback 5260880680 5261127484
LoggerNode::cb 5261154472 5261655123
ConsumerNode::cb 5261165754 5261667014
ConsumerNode::timer_cb 5264621263 5266625000
LoggerNode::timer_cb 5268196626 5270197983
ProducerNode::timer_callback 5270881646 5271126835
LoggerNode::cb 5271152259 5271652852
ConsumerNode::cb 5271240573 5271742108
ConsumerNode::timer_cb 5274632704 5276636527
LoggerNode::timer_cb 5278209465 5280210511
ProducerNode::timer_callback 5280879385 5281123886
LoggerNode::cb 5281147800 5281648319
ConsumerNode::cb 5281232710 5281734458
ConsumerNode::timer_cb 5284586968 5286588013
LoggerNode::timer_cb 5288174516 5290175619
ProducerNode::timer_callback 5290882689 5291101501
LoggerNode::cb 5291115543 5291616076
ConsumerNode::cb 5291206352 5291707647
ConsumerNode::timer_cb 5294650649 5296654254
LoggerNode::timer_cb 5298206122 5300207220
ProducerNode::timer_callback 5300880610 5301125326
LoggerNode::cb 5301150217 5301650765
ConsumerNode::cb 5301228753 5301730278
ConsumerNode::timer_cb 5304623485 5306627894
LoggerNode::timer_cb 5308167847 5310173010
ProducerNode::timer_callback 5310922201 5311172490
LoggerNode::cb 5311206235 5311707199
ConsumerNode::cb 5311224724 5311726635
ConsumerNode::timer_cb 5314584882 5316585638
LoggerNode::timer_cb 5318184531 5320185643
ProducerNode::timer_callback 5320895071 5321114238
LoggerNode::cb 5321132491 5321633282
ConsumerNode::cb 5321156138 5321657486
ConsumerNode::timer_cb 5324584188 5326585150
LoggerNode::timer_cb 5328177245 5330178413
ProducerNode::timer_callback 5330885437 5331103551
LoggerNode::cb 5331121413 5331622022
ConsumerNode::cb 5331209155 5331710306
ConsumerNode::timer_cb 5334586887 5336587942
LoggerNode::timer_cb 5338174407 5340175436
ProducerNode::timer_callback 5340853594 5341073598
LoggerNode::cb 5341092654 5341593333
ConsumerNode::cb 5341114659 5341615717
ConsumerNode::timer_cb 5344621317 5346625414
LoggerNode::timer_cb 5348186767 5350187968
ProducerNode::timer_callback 5350851412 5351096928
LoggerNode::cb 5351124873 5351625542
ConsumerNode::cb 5351205279 5351706842
ConsumerNode::timer_cb 5354582224 5356583113
LoggerNode::timer_cb 5358203786 5360204817
ProducerNode::timer_callback 5360883126 5361100670
LoggerNode::cb 5361117835 5361618580
ConsumerNode::cb 5361203197 5361704469
ConsumerNode::timer_cb 5364621433 5366625153
LoggerNode::timer_cb 5368208783 5370210028
ProducerNode::timer_callback 5370882318 5371126494
LoggerNode::cb 5371154332 5371654925
ConsumerNode::cb 5371231625 5371733250
ConsumerNode::timer_cb 5374586782 5376587914
LoggerNode::timer_cb 5378180690 5380181796
ProducerNode::timer_callback 5380883468 5381102210
LoggerNode::cb 5381119185 5381619777
ConsumerNode::cb 5381217504 5381718629
ConsumerNode::timer_cb 5384581371 5386582052
LoggerNode::timer_cb 5388196133 5390198841
ProducerNode::timer_callback 5390888773 5391123399
LoggerNode::cb 5391148544 5391649331
ConsumerNode::cb 5391237466 5391738893
ConsumerNode::timer_cb 5394637926 5396642414
LoggerNode::timer_cb 5398286985 5400289135
ProducerNode::timer_callback 5400880911 5401126188
LoggerNode::cb 5401155261 5401655972
ConsumerNode::cb 5401239991 5401741692
ConsumerNode::timer_cb 5404658282 5406661863
LoggerNode::timer_cb 5408192040 5410193215
ProducerNode::timer_callback 5410881424 5411126777
LoggerNode::cb 5411155327 5411655916
ConsumerNode::cb 5411235507 5411736950
ConsumerNode::timer_cb 5414622093 5416625456
LoggerNode::timer_cb 5418192313 5420193361
ProducerNode::timer_callback 5420896014 5421140873
LoggerNode::cb 5421168968 5421669629
ConsumerNode::cb 5421253549 5421755238
ConsumerNode::timer_cb 5424588436 5426589455
LoggerNode::timer_cb 5428178936 5430179962
ProducerNode::timer_callback 5430897973 5431115949
LoggerNode::cb 5431132685 5431633409
ConsumerNode::cb 5431223145 5431724255
ConsumerNode::timer_cb 5434617882 5436621209
LoggerNode::timer_cb 5438194314 5440195591
ProducerNode::timer_callback 5440892179 5441140142
LoggerNode::cb 5441171079 5441672035
ConsumerNode::cb 5441171967 5441673753
ConsumerNode::timer_cb 5444620210 5446623550
LoggerNode::timer_cb 5448207160 5450210250
ProducerNode::timer_callback 5450856749 5451103189
LoggerNode::cb 5451135622 5451636392
ConsumerNode::cb 5451208121 5451709466
ConsumerNode::timer_cb 5454586957 5456588068
LoggerNode::timer_cb 5458185078 5460186362
ProducerNode::timer_callback 5460883137 5461109314
LoggerNode::cb 5461127671 5461628599
ConsumerNode::cb 5461142794 5461643655
ConsumerNode::timer_cb 5464621166 5466624939
LoggerNode::timer_cb 5468185962 5470187266
ProducerNode::timer_callback 5470884516 5471124075
LoggerNode::cb 5471151105 5471651825
ConsumerNode::cb 5471231671 5471732960
ConsumerNode::timer_cb 5474586892 5476587904
LoggerNode::timer_cb 5478372080 5480375873
ProducerNode::timer_callback 5480856269 5481103013
LoggerNode::cb 5481131804 5481632534
ConsumerNode::cb 5481216480 5481718399
ConsumerNode::timer_cb 5484581504 5486582223
LoggerNode::timer_cb 5488200306 5490201399
ProducerNode::timer_callback 5490884561 5491103165
LoggerNode::cb 5491120853 5491621503
ConsumerNode::cb 5491219499 5491720565
ConsumerNode::timer_cb 5494622795 5496626554
LoggerNode::timer_cb 5498209638 5500210835
ProducerNode::timer_callback 5500852137 5501097401
LoggerNode::cb 5501125879 5501626481
ConsumerNode::cb 5501201906 5501703405
ConsumerNode::timer_cb 5504681721 5506685552
LoggerNode::timer_cb 5508201480 5510205194
ProducerNode::timer_callback 5510897164 5511152772
LoggerNode::cb 5511183543 5511684273
ConsumerNode::cb 5511183087 5511684493
ConsumerNode::timer_cb 5514585701 5516587148
LoggerNode::timer_cb 5518178833 5520179586
ProducerNode::timer_callback 5520879617 5521103832
LoggerNode::cb 5521117549 5521617977
ConsumerNode::cb 5521117132 5521617980
ConsumerNode::timer_cb 5524590777 5526592769
LoggerNode::timer_cb 5528187883 5530188960
ProducerNode::timer_callback 5530879887 5531104549
LoggerNode::cb 5531118475 5531619114
ConsumerNode::cb 5531118690 5531619346
ConsumerNode::timer_cb 5534583757 5536584794
LoggerNode::timer_cb 5538174770 5540175850
ProducerNode::timer_callback 5540881232 5541101450
LoggerNode::cb 5541116230 5541616835
ConsumerNode::cb 5541116312 5541616985
ConsumerNode::timer_cb 5544586200 5546587217
LoggerNode::timer_cb 5548173458 5550174461
ProducerNode::timer_callback 5550875447 5551091799
LoggerNode::cb 5551105224 5551605751
ConsumerNode::cb 5551105428 5551606101
ConsumerNode::timer_cb 5554580135 5556580810
LoggerNode::timer_cb 5558177820 5560178672
ProducerNode::timer_callback 5560875981 5561091360
LoggerNode::cb 5561103925 5561604452
ConsumerNode::cb 5561104155 5561604771
ConsumerNode::timer_cb 5564582192 5566583056
LoggerNode::timer_cb 5568179275 5570180233
ProducerNode::timer_callback 5570881908 5571098166
LoggerNode::cb 5571111429 5571611979
ConsumerNode::cb 5571111312 5571612018
ConsumerNode::timer_cb 5574586454 5576587525
LoggerNode::timer_cb 5578177120 5580178121
ProducerNode::timer_callback 5580878044 5581096815
LoggerNode::cb 5581111968 5581612511
ConsumerNode::cb 5581112095 5581612731
ConsumerNode::timer_cb 5584615478 5586619101
LoggerNode::timer_cb 5588190161 5590191429
ProducerNode::timer_callback 5590888731 5591134862
LoggerNode::cb 5591153472 5591654125
ConsumerNode::cb 5591153550 5591654204
ConsumerNode::timer_cb 5594658732 5596662943
LoggerNode::timer_cb 5598185174 5600186248
ProducerNode::timer_callback 5600878505 5601124683
LoggerNode::cb 5601143098 5601643687
ConsumerNode::cb 5601143111 5601643777
ConsumerNode::timer_cb 5604623246 5606626746
LoggerNode::timer_cb 5608188397 5610189402
ProducerNode::timer_callback 5610876776 5611124336
LoggerNode::cb 5611142498 5611643066
ConsumerNode::cb 5611142485 5611643193
ConsumerNode::timer_cb 5614622839 5616626319
LoggerNode::timer_cb 5618186734 5620187856
ProducerNode::timer_callback 5620878550 5621125056
LoggerNode::cb 5621143787 5621644447
ConsumerNode::cb 5621143842 5621644530
ConsumerNode::timer_cb 5624581429 5626582151
LoggerNode::timer_cb 5628179692 5630180668
ProducerNode::timer_callback 5630883987 5631105174
LoggerNode::cb 5631120203 5631620775
ConsumerNode::cb 5631120391 5631621036
ConsumerNode::timer_cb 5634615719 5636620505
LoggerNode::timer_cb 5638203483 5640205524
ProducerNode::timer_callback 5640887088 5641138539
LoggerNode::cb 5641165966 5641666796
ConsumerNode::cb 5641166075 5641667063
ConsumerNode::timer_cb 5644620463 5646624837
LoggerNode::timer_cb 5648153576 5650154595
ProducerNode::timer_callback 5650877694 5651126364
ConsumerNode::cb 5651145198 5651646077
LoggerNode::cb 5651145840 5651646287
ConsumerNode::timer_cb 5654621834 5656625691
LoggerNode::timer_cb 5658201197 5660202222
ProducerNode::timer_callback 5660876835 5661124603
LoggerNode::cb 5661142038 5661642647
ConsumerNode::cb 5661142048 5661642711
ConsumerNode::timer_cb 5664623372 5666627150
LoggerNode::timer_cb 5668185856 5670186872
ProducerNode::timer_callback 5670878293 5671124569
LoggerNode::cb 5671143759 5671644208
ConsumerNode::cb 5671143449 5671644211
ConsumerNode::timer_cb 5674622680 5676626806
LoggerNode::timer_cb 5678190932 5680192208
ProducerNode::timer_callback 5680879561 5681126890
LoggerNode::cb 5681146876 5681647577
ConsumerNode::cb 5681147014 5681647633
ConsumerNode::timer_cb 5684616347 5686619658
LoggerNode::timer_cb 5688203677 5690204939
ProducerNode::timer_callback 5690882285 5691129543
LoggerNode::cb 5691148075 5691648747
ConsumerNode::cb 5691148146 5691648828
ConsumerNode::timer_cb 5694623488 5696626908
LoggerNode::timer_cb 5698186065 5700187190
ProducerNode::timer_callback 5700878437 5701126096
LoggerNode::cb 5701144519 5701645151
ConsumerNode::cb 5701144626 5701645301
ConsumerNode::timer_cb 5704622635 5706626429
LoggerNode::timer_cb 5708185888 5710187145
ProducerNode::timer_callback 5710895778 5711145710
LoggerNode::cb 5711173202 5711673885
ConsumerNode::cb 5711173241 5711674259
ConsumerNode::timer_cb 5714606841 5716609575
LoggerNode::timer_cb 5718178618 5720179583
ProducerNode::timer_callback 5720887385 5721132239
LoggerNode::cb 5721152178 5721652821
ConsumerNode::cb 5721152247 5721652916
ConsumerNode::timer_cb 5724591742 5726593678
LoggerNode::timer_cb 5728180504 5730181863
ProducerNode::timer_callback 5730879690 5731108499
LoggerNode::cb 5731123564 5731624220
ConsumerNode::cb 5731123747 5731624386
ConsumerNode::timer_cb 5734618588 5736621885
LoggerNode::timer_cb 5738212001 5740213324
ProducerNode::timer_callback 5740886931 5741134549
LoggerNode::cb 5741153559 5741654080
ConsumerNode::cb 5741153299 5741654118
ConsumerNode::timer_cb 5744584531 5746585557
LoggerNode::timer_cb 5748174160 5750175118
ProducerNode::timer_callback 5750877052 5751092665
LoggerNode::cb 5751105357 5751605927
ConsumerNode::cb 5751105540 5751606180
ConsumerNode::timer_cb 5754619293 5756622748
LoggerNode::timer_cb 5758200531 5760201814
ProducerNode::timer_callback 5760881683 5761128419
LoggerNode::cb 5761146635 5761647248
ConsumerNode::cb 5761146583 5761647272
ConsumerNode::timer_cb 5764621966 5766625881
LoggerNode::timer_cb 5768176015 5770177259
ProducerNode::timer_callback 5770878359 5771125102
LoggerNode::cb 5771143076 5771643713
ConsumerNode::cb 5771143061 5771643775
ConsumerNode::timer_cb 5774585804 5776586853
LoggerNode::timer_cb 5778183579 5780184552
ProducerNode::timer_callback 5780904540 5781125234
LoggerNode::cb 5781138943 5781639528
ConsumerNode::cb 5781139124 5781639765
ConsumerNode::timer_cb 5784585803 5786586798
LoggerNode::timer_cb 5788174516 5790175627
ProducerNode::timer_callback 5790882104 5791100145
LoggerNode::cb 5791113482 5791614060
ConsumerNode::cb 5791113719 5791614368
ConsumerNode::timer_cb 5794623155 5796626929
LoggerNode::timer_cb 5798185184 5800186213
ProducerNode::timer_callback 5800883789 5801131759
LoggerNode::cb 5801148593 5801649098
ConsumerNode::cb 5801148445 5801649126
ConsumerNode::timer_cb 5804579127 5806579584
LoggerNode::timer_cb 5808146790 5810147965
ProducerNode::timer_callback 5810880529 5811101766
LoggerNode::cb 5811115363 5811615967
ConsumerNode::cb 5811115641 5811616330
ConsumerNode::timer_cb 5814616395 5816619790
LoggerNode::timer_cb 5818153396 5820154394
ProducerNode::timer_callback 5820877879 5821124833
LoggerNode::cb 5821142043 5821642603
ConsumerNode::cb 5821141992 5821642633
ConsumerNode::timer_cb 5824593746 5826595434
LoggerNode::timer_cb 5828182831 5830183812
ProducerNode::timer_callback 5830881067 5831119721
LoggerNode::cb 5831135849 5831636490
ConsumerNode::cb 5831136008 5831636614
ConsumerNode::timer_cb 5834624593 5836629398
LoggerNode::timer_cb 5838189100 5840190573
ProducerNode::timer_callback 5840872546 5841131902
LoggerNode::cb 5841156346 5841657366
ConsumerNode::cb 5841156345 5841657529
ConsumerNode::timer_cb 5844615116 5846619003
LoggerNode::timer_cb 5848203462 5850204465
ProducerNode::timer_callback 5850877430 5851126045
LoggerNode::cb 5851144926 5851645392
ConsumerNode::cb 5851144787 5851645606
ConsumerNode::timer_cb 5854621305 5856625331
LoggerNode::timer_cb 5858155092 5860156244
ProducerNode::timer_callback 5860879907 5861127650
LoggerNode::cb 5861147589 5861648086
ConsumerNode::cb 5861147162 5861648021
ConsumerNode::timer_cb 5864621939 5866625526
LoggerNode::timer_cb 5868185537 5870186727
ProducerNode::timer_callback 5870882066 5871129175
LoggerNode::cb 5871147624 5871648279
ConsumerNode::cb 5871147686 5871648325
ConsumerNode::timer_cb 5874583772 5876584728
LoggerNode::timer_cb 5878176121 5880177055
ProducerNode::timer_callback 5880877057 5881093625
LoggerNode::cb 5881107289 5881607850
ConsumerNode::cb 5881107468 5881608111
ConsumerNode::timer_cb 5884621571 5886624990
LoggerNode::timer_cb 5888179951 5890181776
ProducerNode::timer_callback 5890894860 5891142792
LoggerNode::cb 5891165563 5891666268
ConsumerNode::cb 5891165612 5891666507
ConsumerNode::timer_cb 5894623006 5896626788
LoggerNode::timer_cb 5898187820 5900188953
ProducerNode::timer_callback 5900877654 5901124882
LoggerNode::cb 5901142953 5901643554
ConsumerNode::cb 5901142955 5901643673
ConsumerNode::timer_cb 5904621866 5906625321
LoggerNode::timer_cb 5908185746 5910186746
ProducerNode::timer_callback 5910877744 5911125934
LoggerNode::cb 5911144177 5911644799
ConsumerNode::cb 5911144259 5911644900
ConsumerNode::timer_cb 5914610193 5916613972
LoggerNode::timer_cb 5918190567 5920192146
ProducerNode::timer_callback 5920880331 5921128024
LoggerNode::cb 5921149827 5921650515
ConsumerNode::cb 5921149805 5921651168
ConsumerNode::timer_cb 5924591885 5926593391
LoggerNode::timer_cb 5928184293 5930185354
ProducerNode::timer_callback 5930879203 5931112587
LoggerNode::cb 5931125957 5931626513
ConsumerNode::cb 5931125820 5931626498
ConsumerNode::timer_cb 5934622336 5936626490
LoggerNode::timer_cb 5938187613 5940188729
ProducerNode::timer_callback 5940883634 5941130457
LoggerNode::cb 5941148522 5941649158
ConsumerNode::cb 5941148446 5941649210
ConsumerNode::timer_cb 5944585210 5946586176
LoggerNode::timer_cb 5948199318 5950200354
ProducerNode::timer_callback 5950880390 5951097210
LoggerNode::cb 5951110357 5951610887
ConsumerNode::cb 5951110260 5951610971
ConsumerNode::timer_cb 5954619500 5956623403
LoggerNode::timer_cb 5958185334 5960186306
ProducerNode::timer_callback 5960879256 5961126564
LoggerNode::cb 5961144248 5961644833
ConsumerNode::cb 5961144197 5961644896
ConsumerNode::timer_cb 5964616202 5966619648
LoggerNode::timer_cb 5968192101 5970193233
ProducerNode::timer_callback 5970880148 5971127047
LoggerNode::cb 5971146239 5971646886
ConsumerNode::cb 5971146369 5971646991
ConsumerNode::timer_cb 5974586243 5976587234
LoggerNode::timer_cb 5978176647 5980177633
ProducerNode::timer_callback 5980878275 5981099473
LoggerNode::cb 5981113631 5981614268
ConsumerNode::cb 5981113798 5981614446
ConsumerNode::timer_cb 5984585933 5986586951
LoggerNode::timer_cb 5988177808 5990178834
ProducerNode::timer_callback 5990882253 5991103024
LoggerNode::cb 5991117733 5991618402
ConsumerNode::cb 5991117875 5991618573
ConsumerNode::timer_cb 5994622850 5996626315
LoggerNode::timer_cb 5998204948 6000206030
ProducerNode::timer_callback 6000878570 6001125658
ConsumerNode::cb 6001145885 6001646716
LoggerNode::cb 6001146437 6001646852
ConsumerNode::timer_cb 6004660319 6006663740
LoggerNode::timer_cb 6008185004 6010186368
ProducerNode::timer_callback 6010877479 6011124348
LoggerNode::cb 6011142500 6011643004
ConsumerNode::cb 6011142340 6011643111
ConsumerNode::timer_cb 6014622017 6016625386
LoggerNode::timer_cb 6018192967 6020194147
ProducerNode::timer_callback 6020878523 6021126378
LoggerNode::cb 6021144735 6021645271
ConsumerNode::cb 6021144724 6021645467
ConsumerNode::timer_cb 6024585727 6026586812
LoggerNode::timer_cb 6028200412 6030201458
ProducerNode::timer_callback 6030880919 6031105112
LoggerNode::cb 6031119078 6031619741
ConsumerNode::cb 6031119227 6031619819
ConsumerNode::timer_cb 6034668013 6036671439
LoggerNode::timer_cb 6038190163 6040191175
ProducerNode::timer_callback 6040875281 6041124508
LoggerNode::cb 6041147514 6041648148
ConsumerNode::cb 6041147498 6041648254
ConsumerNode::timer_cb 6044618614 6046623351
LoggerNode::timer_cb 6048192032 6050192985
ProducerNode::timer_callback 6050876757 6051125136
ConsumerNode::cb 6051144399 6051645256
LoggerNode::cb 6051145101 6051645565
ConsumerNode::timer_cb 6054622401 6056625965
LoggerNode::timer_cb 6058187261 6060188258
ProducerNode::timer_callback 6060881117 6061129419
LoggerNode::cb 6061148188 6061648799
ConsumerNode::cb 6061148306 6061648918
ConsumerNode::timer_cb 6064622685 6066626501
LoggerNode::timer_cb 6068193515 6070194753
ProducerNode::timer_callback 6070878885 6071126355
LoggerNode::cb 6071144404 6071645018
ConsumerNode::cb 6071144317 6071645398
ConsumerNode::timer_cb 6074656984 6076660879
LoggerNode::timer_cb 6078197308 6080198347
ProducerNode::timer_callback 6080890656 6081137056
LoggerNode::cb 6081156899 6081657301
ConsumerNode::cb 6081156417 6081657267
ConsumerNode::timer_cb 6084622721 6086626247
LoggerNode::timer_cb 6088202513 6090203518
ProducerNode::timer_callback 6090885210 6091132309
LoggerNode::cb 6091149738 6091650387
ConsumerNode::cb 6091149739 6091650398
ConsumerNode::timer_cb 6094621566 6096624909
LoggerNode::timer_cb 6098207057 6100208089
ProducerNode::timer_callback 6100881893 6101129052
LoggerNode::cb 6101148810 6101649510
ConsumerNode::cb 6101148812 6101649548
ConsumerNode::timer_cb 6104622580 6106625962
LoggerNode::timer_cb 6108205605 6110206727
ProducerNode::timer_callback 6110947374 6111193613
LoggerNode::cb 6111224619 6111725557
ConsumerNode::cb 6111224784 6111726240
ConsumerNode::timer_cb 6114603810 6116607604
LoggerNode::timer_cb 6118198999 6120201405
ProducerNode::timer_callback 6120889492 6121137296
LoggerNode::cb 6121167197 6121667899
ConsumerNode::cb 6121180184 6121682100
ConsumerNode::timer_cb 6124589521 6126590690
LoggerNode::timer_cb 6128174575 6130175571
ProducerNode::timer_callback 6130879047 6131103712
LoggerNode::cb 6131118499 6131619062
ConsumerNode::cb 6131205584 6131706926
ConsumerNode::timer_cb 6134624196 6136628188
LoggerNode::timer_cb 6138191102 6140193348
ProducerNode::timer_callback 6140888809 6141136173
LoggerNode::cb 6141163649 6141664284
ConsumerNode::cb 6141245443 6141747269
ConsumerNode::timer_cb 6144587728 6146588813
LoggerNode::timer_cb 6148173717 6150174659
ProducerNode::timer_callback 6150877315 6151099400
LoggerNode::cb 6151112375 6151612902
ConsumerNode::cb 6151200652 6151701846
ConsumerNode::timer_cb 6154583576 6156584337
LoggerNode::timer_cb 6158174993 6160176027
ProducerNode::timer_callback 6160878514 6161095804
LoggerNode::cb 6161108921 6161609399
ConsumerNode::cb 6161206711 6161708045
ConsumerNode::timer_cb 6164624006 6166627364
LoggerNode::timer_cb 6168199556 6170200847
ProducerNode::timer_callback 6170882548 6171125701
LoggerNode::cb 6171150065 6171650643
ConsumerNode::cb 6171233472 6171734749
ConsumerNode::timer_cb 6174587014 6176588179
LoggerNode::timer_cb 6178199595 6180200528
ProducerNode::timer_callback 6180882888 6181102592
LoggerNode::cb 6181116342 6181616879
ConsumerNode::cb 6181203819 6181705104
ConsumerNode::timer_cb 6184624243 6186627574
LoggerNode::timer_cb 6188209224 6190210481
ProducerNode::timer_callback 6190884438 6191129980
LoggerNode::cb 6191161094 6191661928
ConsumerNode::cb 6191233406 6191734807
ConsumerNode::timer_cb 6194622969 6196626677
LoggerNode::timer_cb 6198207623 6200208850
ProducerNode::timer_callback 6200883366 6201128312
LoggerNode::cb 6201157728 6201658504
ConsumerNode::cb 6201235094 6201736565
ConsumerNode::timer_cb 6204622820 6206626173
LoggerNode::timer_cb 6208186484 6210187650
ProducerNode::timer_callback 6210880799 6211126667
LoggerNode::cb 6211156143 6211656810
ConsumerNode::cb 6211233780 6211735140
ConsumerNode::timer_cb 6214622973 6216626409
LoggerNode::timer_cb 6218206137 6220207353
ProducerNode::timer_callback 6220881393 6221125870
LoggerNode::cb 6221153099 6221653759
ConsumerNode::cb 6221232480 6221734208
ConsumerNode::timer_cb 6224588025 6226589005
LoggerNode::timer_cb 6228202935 6230204060
ProducerNode::timer_callback 6230886370 6231116837
LoggerNode::cb 6231136456 6231637225
ConsumerNode::cb 6231219840 6231721062
ConsumerNode::timer_cb 6234622950 6236626613
LoggerNode::timer_cb 6238193219 6240194488
ProducerNode::timer_callback 6240887378 6241137317
LoggerNode::cb 6241170903 6241671834
ConsumerNode::cb 6241171484 6241673485
ConsumerNode::timer_cb 6244624621 6246629129
LoggerNode::timer_cb 6248181633 6250183652
ProducerNode::timer_callback 6250887732 6251135144
LoggerNode::cb 6251169002 6251669966
ConsumerNode::cb 6251244768 6251746101
ConsumerNode::timer_cb 6254623817 6256628338
LoggerNode::timer_cb 6258189755 6260191079
ProducerNode::timer_callback 6260880269 6261126316
LoggerNode::cb 6261157124 6261657919
ConsumerNode::cb 6261162997 6261663963
ConsumerNode::timer_cb 6264651600 6266655216
LoggerNode::timer_cb 6268194509 6270197340
ProducerNode::timer_callback 6270895788 6271141333
LoggerNode::cb 6271168265 6271668916
ConsumerNode::cb 6271252395 6271753731
ConsumerNode::timer_cb 6274623908 6276627370
LoggerNode::timer_cb 6278188189 6280189296
ProducerNode::timer_callback 6280881751 6281125512
LoggerNode::cb 6281149634 6281650465
ConsumerNode::cb 6281238316 6281739610
ConsumerNode::timer_cb 6284624072 6286627446
LoggerNode::timer_cb 6288246728 6290248806
ProducerNode::timer_callback 6290897304 6291145540
LoggerNode::cb 6291168874 6291669738
ConsumerNode::cb 6291168984 6291670168
ConsumerNode::timer_cb 6294622792 6296626571
LoggerNode::timer_cb 6298206533 6300207748
ProducerNode::timer_callback 6300881726 6301129665
LoggerNode::cb 6301148027 6301648667
ConsumerNode::cb 6301147999 6301648751
ConsumerNode::timer_cb 6304622623 6306626344
LoggerNode::timer_cb 6308184669 6310185919
ProducerNode::timer_callback 6310886117 6311133305
LoggerNode::cb 6311152244 6311652821
ConsumerNode::cb 6311152235 6311652950
ConsumerNode::timer_cb 6314622646 6316626123
LoggerNode::timer_cb 6318183076 6320187115
ProducerNode::timer_callback 6320902308 6321150955
LoggerNode::cb 6321185632 6321686499
ConsumerNode::cb 6321196751 6321698325
ConsumerNode::timer_cb 6324590041 6326591381
LoggerNode::timer_cb 6328203969 6330205044
ProducerNode::timer_callback 6330887075 6331110156
LoggerNode::cb 6331128879 6331629495
ConsumerNode::cb 6331212458 6331713543
ConsumerNode::timer_cb 6334622437 6336626282
LoggerNode::timer_cb 6338186829 6340188109
ProducerNode::timer_callback 6340854478 6341099178
LoggerNode::cb 6341129803 6341630652
ConsumerNode::cb 6341143859 6341645191
ConsumerNode::timer_cb 6344583920 6346584944
LoggerNode::timer_cb 6348178012 6350179018
ProducerNode::timer_callback 6350885225 6351101510
ConsumerNode::cb 6351118171 6351619460
LoggerNode::cb 6351119213 6351619969
ConsumerNode::timer_cb 6354584384 6356585281
LoggerNode::timer_cb 6358178711 6360179915
ProducerNode::timer_callback 6360878694 6361098539
LoggerNode::cb 6361113681 6361614166
ConsumerNode::cb 6361209345 6361710911
ConsumerNode::timer_cb 6364587115 6366588126
LoggerNode::timer_cb 6368199879 6370200801
ProducerNode::timer_callback 6370884192 6371098370
LoggerNode::cb 6371111980 6371612522
ConsumerNode::cb 6371199663 6371700968
ConsumerNode::timer_cb 6374588002 6376589128
LoggerNode::timer_cb 6378173663 6380174619
ProducerNode::timer_callback 6380879302 6381095461
LoggerNode::cb 6381109043 6381609516
ConsumerNode::cb 6381199213 6381700510
ConsumerNode::timer_cb 6384585618 6386586600
LoggerNode::timer_cb 6388156692 6390159422
ProducerNode::timer_callback 6390895687 6391144484
LoggerNode::cb 6391181531 6391682547
ConsumerNode::cb 6391181629 6391683443
ConsumerNode::timer_cb 6394590666 6396592030
LoggerNode::timer_cb 6398180866 6400181885
ProducerNode::timer_callback 6400879753 6401101661
LoggerNode::cb 6401119220 6401619893
ConsumerNode::cb 6401203131 6401704259
ConsumerNode::timer_cb 6404582909 6406583585
LoggerNode::timer_cb 6408201921 6410202941
ProducerNode::timer_callback 6410880842 6411102564
LoggerNode::cb 6411120829 6411621406
ConsumerNode::cb 6411212313 6411713437
ConsumerNode::timer_cb 6414623361 6416627632
LoggerNode::timer_cb 6418187401 6420188661
ProducerNode::timer_callback 6420881222 6421125736
LoggerNode::cb 6421153405 6421654051
ConsumerNode::cb 6421233424 6421735164
ConsumerNode::timer_cb 6424591436 6426592960
LoggerNode::timer_cb 6428190067 6430191154
ProducerNode::timer_callback 6430885198 6431119944
LoggerNode::cb 6431141791 6431642396
ConsumerNode::cb 6431219119 6431720248
ConsumerNode::timer_cb 6434583178 6436583895
LoggerNode::timer_cb 6438180672 6440181646
ProducerNode::timer_callback 6440877963 6441122598
LoggerNode::cb 6441154045 6441654919
ConsumerNode::cb 6441229262 6441730846
ConsumerNode::timer_cb 6444633049 6446638609
LoggerNode::timer_cb 6448237812 6450242326
ProducerNode::timer_callback 6450891050 6451137825
LoggerNode::cb 6451166218 6451666908
ConsumerNode::cb 6451182549 6451683768
ConsumerNode::timer_cb 6454621050 6456624464
LoggerNode::timer_cb 6458190464 6460191566
ProducerNode::timer_callback 6460879530 6461124366
LoggerNode::cb 6461150371 6461651023
ConsumerNode::cb 6461165105 6461666152
ConsumerNode::timer_cb 6464622854 6466626689
LoggerNode::timer_cb 6468194529 6470195917
ProducerNode::timer_callback 6470883966 6471129680
LoggerNode::cb 6471155799 6471656429
ConsumerNode::cb 6471233332 6471734768
ConsumerNode::timer_cb 6474624063 6476627419
LoggerNode::timer_cb 6478201925 6480202959
ProducerNode::timer_callback 6480879315 6481124335
LoggerNode::cb 6481148343 6481648918
ConsumerNode::cb 6481231811 6481733447
ConsumerNode::timer_cb 6484625296 6486629114
LoggerNode::timer_cb 6488186171 6490187333
ProducerNode::timer_callback 6490880707 6491127053
LoggerNode::cb 6491157035 6491657814
ConsumerNode::cb 6491235027 6491736199
ConsumerNode::timer_cb 6494585340 6496586208
LoggerNode::timer_cb 6498179591 6500180799
ProducerNode::timer_callback 6500886229 6501104560
LoggerNode::cb 6501121103 6501621811
ConsumerNode::cb 6501207769 6501708927
ConsumerNode::timer_cb 6504613495 6506616425
LoggerNode::timer_cb 6508186134 6510187574
ProducerNode::timer_callback 6510884456 6511127339
LoggerNode::cb 6511157008 6511657871
ConsumerNode::cb 6511231087 6511732271
ConsumerNode::timer_cb 6514623113 6516626570
LoggerNode::timer_cb 6518171500 6520174417
ProducerNode::timer_callback 6520888408 6521141889
ConsumerNode::cb 6521177628 6521679293
LoggerNode::cb 6521180272 6521681408
ConsumerNode::timer_cb 6524590144 6526591285
LoggerNode::timer_cb 6528184753 6530185901
ProducerNode::timer_callback 6530886002 6531114641
LoggerNode::cb 6531134654 6531635405
ConsumerNode::cb 6531215109 6531716209
ConsumerNode::timer_cb 6534623561 6536627397
LoggerNode::timer_cb 6538186598 6540187891
ProducerNode::timer_callback 6540887301 6541131852
LoggerNode::cb 6541157565 6541658164
ConsumerNode::cb 6541241788 6541743479
ConsumerNode::timer_cb 6544586282 6546587311
LoggerNode::timer_cb 6548174670 6550175657
ProducerNode::timer_callback 6550877454 6551094353
LoggerNode::cb 6551107412 6551607927
ConsumerNode::cb 6551200218 6551701474
ConsumerNode::timer_cb 6554587000 6556587964
LoggerNode::timer_cb 6558174428 6560175403
ProducerNode::timer_callback 6560890064 6561106596
LoggerNode::cb 6561120063 6561620519
ConsumerNode::cb 6561213419 6561714678
ConsumerNode::timer_cb 6564622851 6566627054
LoggerNode::timer_cb 6568185530 6570186629
ProducerNode::timer_callback 6570880227 6571125386
LoggerNode::cb 6571150685 6571651241
ConsumerNode::cb 6571226192 6571727630
ConsumerNode::timer_cb 6574585251 6576586191
LoggerNode::timer_cb 6578194628 6580195607
ProducerNode::timer_callback 6580879122 6581097471
LoggerNode::cb 6581110717 6581611212
ConsumerNode::cb 6581199830 6581701167
ConsumerNode::timer_cb 6584624536 6586627993
LoggerNode::timer_cb 6588184081 6590185147
ProducerNode::timer_callback 6590884336 6591129146
LoggerNode::cb 6591160400 6591661215
ConsumerNode::cb 6591235546 6591736914
ConsumerNode::timer_cb 6594622414 6596625919
LoggerNode::timer_cb 6598191303 6600192570
ProducerNode::timer_callback 6600881081 6601125895
LoggerNode::cb 6601156254 6601657036
ConsumerNode::cb 6601230985 6601732558
ConsumerNode::timer_cb 6604582369 6606583129
LoggerNode::timer_cb 6608179698 6610180771
ProducerNode::timer_callback 6610880582 6611100008
LoggerNode::cb 6611117152 6611617755
ConsumerNode::cb 6611204083 6611705218
ConsumerNode::timer_cb 6614621894 6616625240
LoggerNode::timer_cb 6618187938 6620189152
ProducerNode::timer_callback 6620881386 6621126773
LoggerNode::cb 6621154672 6621655346
ConsumerNode::cb 6621230541 6621732202
ConsumerNode::timer_cb 6624583988 6626585080
LoggerNode::timer_cb 6628197963 6630199010
ProducerNode::timer_callback 6630851656 6631070745
LoggerNode::cb 6631088127 6631588786
ConsumerNode::cb 6631113740 6631615101
ConsumerNode::timer_cb 6634617022 6636620172
LoggerNode::timer_cb 6638192192 6640194387
ProducerNode::timer_callback 6640882187 6641132331
LoggerNode::cb 6641168917 6641670203
ConsumerNode::cb 6641169013 6641670905
ConsumerNode::timer_cb 6644621087 6646625557
LoggerNode::timer_cb 6648210342 6650214854
ProducerNode::timer_callback 6650887985 6651133858
LoggerNode::cb 6651162839 6651663733
ConsumerNode::cb 6651236542 6651737966
ConsumerNode::timer_cb 6654587176 6656588254
LoggerNode::timer_cb 6658181571 6660182627
ProducerNode::timer_callback 6660881950 6661107928
LoggerNode::cb 6661125516 6661626125
ConsumerNode::cb 6661144700 6661645876
ConsumerNode::timer_cb 6664622002 6666626543
LoggerNode::timer_cb 6668185801 6670187110
ProducerNode::timer_callback 6670885511 6671130255
LoggerNode::cb 6671156104 6671656847
ConsumerNode::cb 6671234550 6671736020
ConsumerNode::timer_cb 6674622385 6676625726
LoggerNode::timer_cb 6678185416 6680186526
ProducerNode::timer_callback 6680878348 6681123344
LoggerNode::cb 6681147762 6681648295
ConsumerNode::cb 6681229684 6681731105
ConsumerNode::timer_cb 6684586903 6686587891
LoggerNode::timer_cb 6688190993 6690192001
ProducerNode::timer_callback 6690883442 6691103279
LoggerNode::cb 6691118975 6691619623
ConsumerNode::cb 6691210814 6691712080
ConsumerNode::timer_cb 6694623907 6696627600
LoggerNode::timer_cb 6698184807 6700185885
ProducerNode::timer_callback 6700873234 6701118057
LoggerNode::cb 6701142412 6701642960
ConsumerNode::cb 6701220838 6701722415
ConsumerNode::timer_cb 6704587111 6706588073
LoggerNode::timer_cb 6708192868 6710193843
ProducerNode::timer_callback 6710878085 6711095637
LoggerNode::cb 6711109587 6711610135
ConsumerNode::cb 6711200740 6711701971
ConsumerNode::timer_cb 6714637394 6716641261
LoggerNode::timer_cb 6718209432 6720210939
ProducerNode::timer_callback 6720872574 6721126394
LoggerNode::cb 6721152302 6721653176
ConsumerNode::cb 6721152201 6721653566
ConsumerNode::timer_cb 6724612397 6726615289
LoggerNode::timer_cb 6728199169 6730200149
ProducerNode::timer_callback 6730848678 6731096959
LoggerNode::cb 6731119821 6731620244
ConsumerNode::cb 6731119250 6731620156
ConsumerNode::timer_cb 6734587474 6736588493
LoggerNode::timer_cb 6738178072 6740178994
ProducerNode::timer_callback 6740882911 6741104240
LoggerNode::cb 6741118983 6741619624
ConsumerNode::cb 6741119174 6741619755
ConsumerNode::timer_cb 6744580284 6746580915
LoggerNode::timer_cb 6748193470 6750194394
ProducerNode::timer_callback 6750879208 6751094818
LoggerNode::cb 6751107611 6751608156
ConsumerNode::cb 6751107790 6751608462
ConsumerNode::timer_cb 6754584618 6756585615
LoggerNode::timer_cb 6758174157 6760175052
ProducerNode::timer_callback 6760876899 6761093668
LoggerNode::cb 6761106928 6761607446
ConsumerNode::cb 6761107121 6761607761
ConsumerNode::timer_cb 6764623334 6766627175
LoggerNode::timer_cb 6768209560 6770210707
ProducerNode::timer_callback 6770887312 6771134989
LoggerNode::cb 6771153527 6771654195
ConsumerNode::cb 6771153661 6771654280
ConsumerNode::timer_cb 6774585955 6776587008
LoggerNode::timer_cb 6778208250 6780211176
ProducerNode::timer_callback 6780886119 6781129921
LoggerNode::cb 6781156184 6781656860
ConsumerNode::cb 6781156331 6781657150
ConsumerNode::timer_cb 6784622618 6786626245
LoggerNode::timer_cb 6788208033 6790209463
ProducerNode::timer_callback 6790894459 6791142820
LoggerNode::cb 6791162166 6791662785
ConsumerNode::cb 6791162180 6791662988
ConsumerNode::timer_cb 6794623749 6796627218
LoggerNode::timer_cb 6798215035 6800216400
ProducerNode::timer_callback 6800879729 6801126891
LoggerNode::cb 6801145600 6801646282
ConsumerNode::cb 6801145606 6801646322
ConsumerNode::timer_cb 6804586149 6806587172
LoggerNode::timer_cb 6808201321 6810202336
ProducerNode::timer_callback 6810877460 6811097720
LoggerNode::cb 6811112717 6811613228
ConsumerNode::cb 6811112947 6811613632
ConsumerNode::timer_cb 6814621515 6816624893
LoggerNode::timer_cb 6818204243 6820205221
ProducerNode::timer_callback 6820880027 6821127360
ConsumerNode::cb 6821144571 6821645271
LoggerNode::cb 6821145029 6821645482
ConsumerNode::timer_cb 6824586382 6826587580
LoggerNode::timer_cb 6828176651 6830177591
ProducerNode::timer_callback 6830877402 6831098991
LoggerNode::cb 6831113275 6831613774
ConsumerNode::cb 6831112936 6831613743
ConsumerNode::timer_cb 6834622455 6836625854
LoggerNode::timer_cb 6838184802 6840185750
ProducerNode::timer_callback 6840947995 6841197033
LoggerNode::cb 6841232592 6841733677
ConsumerNode::cb 6841232000 6841733891
ConsumerNode::timer_cb 6844633441 6846637492
LoggerNode::timer_cb 6848188403 6850189686
ProducerNode::timer_callback 6850881705 6851127076
LoggerNode::cb 6851152240 6851652812
ConsumerNode::cb 6851231193 6851732895
ConsumerNode::timer_cb 6854588141 6856589125
LoggerNode::timer_cb 6858194095 6860195037
ProducerNode::timer_callback 6860876548 6861096486
LoggerNode::cb 6861111020 6861611581
ConsumerNode::cb 6861134808 6861635852
ConsumerNode::timer_cb 6864622145 6866625459
LoggerNode::timer_cb 6868210499 6870212045
ProducerNode::timer_callback 6870882723 6871127160
LoggerNode::cb 6871152501 6871653114
ConsumerNode::cb 6871230863 6871732162
ConsumerNode::timer_cb 6874588964 6876589995
LoggerNode::timer_cb 6878195179 6880196107
ProducerNode::timer_callback 6880877456 6881097185
LoggerNode::cb 6881111488 6881611995
ConsumerNode::cb 6881137061 6881638465
ConsumerNode::timer_cb 6884617736 6886620193
LoggerNode::timer_cb 6888164982 6890167063
ConsumerNode::cb 6891216622 6891718495
ProducerNode::timer_callback 6890889153 6891787501
LoggerNode::cb 6891830556 6892331823
ConsumerNode::timer_cb 6894593265 6896594143
LoggerNode::timer_cb 6898174246 6900174799
ProducerNode::timer_callback 6900878902 6901103504
ConsumerNode::cb 6901113632 6901614264
LoggerNode::cb 6901115577 6901616000
ConsumerNode::timer_cb 6904580192 6906580824
LoggerNode::timer_cb 6908200826 6910202254
ProducerNode::timer_callback 6910878144 6911106525
LoggerNode::cb 6911124217 6911624743
ConsumerNode::cb 6911124362 6911625231
ConsumerNode::timer_cb 6914623732 6916627121
LoggerNode::timer_cb 6918194759 6920195842
ProducerNode::timer_callback 6920878983 6921125530
LoggerNode::cb 6921143592 6921644040
ConsumerNode::cb 6921143274 6921644083
ConsumerNode::timer_cb 6924614646 6926618858
LoggerNode::timer_cb 6928167057 6930168733
ProducerNode::timer_callback 6930893257 6931141843
LoggerNode::cb 6931170525 6931671515
ConsumerNode::cb 6931170500 6931672025
ConsumerNode::timer_cb 6934621801 6936626409
LoggerNode::timer_cb 6938210911 6940212132
ProducerNode::timer_callback 6940878969 6941124746
LoggerNode::cb 6941155621 6941656377
ConsumerNode::cb 6941169320 6941670655
ConsumerNode::timer_cb 6944586174 6946587150
LoggerNode::timer_cb 6948207726 6950210667
ProducerNode::timer_callback 6950881021 6951124121
LoggerNode::cb 6951147533 6951648132
ConsumerNode::cb 6951246120 6951748100
ConsumerNode::timer_cb 6954583513 6956584317
LoggerNode::timer_cb 6958195210 6960196182
ProducerNode::timer_callback 6960877655 6961095525
LoggerNode::cb 6961108466 6961608935
ConsumerNode::cb 6961203342 6961704581
ConsumerNode::timer_cb 6964624346 6966627912
LoggerNode::timer_cb 6968202321 6970203409
ProducerNode::timer_callback 6970879124 6971122957
LoggerNode::cb 6971147357 6971647953
ConsumerNode::cb 6971239262 6971740965
ConsumerNode::timer_cb 6974585391 6976586268
LoggerNode::timer_cb 6978206581 6980209534
ProducerNode::timer_callback 6980880687 6981121511
LoggerNode::cb 6981145948 6981646630
ConsumerNode::cb 6981235722 6981737667
ConsumerNode::timer_cb 6984618715 6986622615
LoggerNode::timer_cb 6988202666 6990203719
ProducerNode::timer_callback 6990875007 6991119713
LoggerNode::cb 6991145364 6991646071
ConsumerNode::cb 6991224794 6991726236
ConsumerNode::timer_cb 6994654039 6996657868
LoggerNode::timer_cb 6998202484 7000203744
ProducerNode::timer_callback 7000886911 7001131724
LoggerNode::cb 7001156523 7001657103
ConsumerNode::cb 7001237696 7001739297
ConsumerNode::timer_cb 7004582393 7006583093
LoggerNode::timer_cb 7008193987 7010195064
ProducerNode::timer_callback 7010880815 7011100810
LoggerNode::cb 7011115380 7011615914
ConsumerNode::cb 7011210369 7011711600
ConsumerNode::timer_cb 7014623448 7016627256
LoggerNode::timer_cb 7018183911 7020185012
ProducerNode::timer_callback 7020878093 7021122739
LoggerNode::cb 7021147180 7021647777
ConsumerNode::cb 7021228082 7021729655
ConsumerNode::timer_cb 7024594840 7026596549
LoggerNode::timer_cb 7028200053 7030201020
ProducerNode::timer_callback 7030880011 7031116392
LoggerNode::cb 7031134949 7031635590
ConsumerNode::cb 7031218352 7031719697
ConsumerNode::timer_cb 7034623148 7036627007
LoggerNode::timer_cb 7038200014 7040201201
ProducerNode::timer_callback 7040880814 7041129194
LoggerNode::cb 7041159452 7041660634
ConsumerNode::cb 7041159424 7041661115
ConsumerNode::timer_cb 7044629436 7046634552
LoggerNode::timer_cb 7048192720 7050194121
ProducerNode::timer_callback 7050892799 7051137875
LoggerNode::cb 7051169933 7051670712
ConsumerNode::cb 7051246353 7051747819
ConsumerNode::timer_cb 7054586053 7056587010
LoggerNode::timer_cb 7058199744 7060200676
ProducerNode::timer_callback 7060882411 7061110759
LoggerNode::cb 7061131359 7061631990
ConsumerNode::cb 7061212977 7061714032
ConsumerNode::timer_cb 7064580093 7066580652
LoggerNode::timer_cb 7068180679 7070181846
ProducerNode::timer_callback 7070884220 7071103711
LoggerNode::cb 7071122538 7071623331
ConsumerNode::cb 7071206768 7071707835
ConsumerNode::timer_cb 7074637699 7076641115
LoggerNode::timer_cb 7078205242 7080206484
ProducerNode::timer_callback 7080879760 7081124808
LoggerNode::cb 7081152702 7081653343
ConsumerNode::cb 7081229866 7081731528
ConsumerNode::timer_cb 7084622510 7086626154
LoggerNode::timer_cb 7088199539 7090200922
ProducerNode::timer_callback 7090856662 7091102400
LoggerNode::cb 7091133707 7091634502
ConsumerNode::cb 7091209869 7091711425
ConsumerNode::timer_cb 7094624266 7096628366
LoggerNode::timer_cb 7098207054 7100208474
ProducerNode::timer_callback 7100880004 7101123665
LoggerNode::cb 7101151761 7101652380
ConsumerNode::cb 7101239590 7101741241
ConsumerNode::timer_cb 7104586542 7106587527
LoggerNode::timer_cb 7108176947 7110178047
ProducerNode::timer_callback 7110881268 7111097621
LoggerNode::cb 7111114863 7111615472
ConsumerNode::cb 7111201613 7111702877
ConsumerNode::timer_cb 7114622837 7116626115
LoggerNode::timer_cb 7118206078 7120207161
ProducerNode::timer_callback 7120881665 7121125366
LoggerNode::cb 7121153322 7121653971
ConsumerNode::cb 7121234430 7121735907
ConsumerNode::timer_cb 7124585650 7126587383
LoggerNode::timer_cb 7128184901 7130189007
ProducerNode::timer_callback 7130880006 7131129967
LoggerNode::cb 7131169056 7131670059
ConsumerNode::cb 7131182042 7131683648
ConsumerNode::timer_cb 7134582295 7136583041
LoggerNode::timer_cb 7138192254 7140193099
ProducerNode::timer_callback 7140860389 7141086761
LoggerNode::cb 7141107631 7141608490
ConsumerNode::cb 7141134849 7141636362
ConsumerNode::timer_cb 7144597522 7146599418
LoggerNode::timer_cb 7148190289 7150191543
ProducerNode::timer_callback 7150881867 7151115527
LoggerNode::cb 7151138285 7151638874
ConsumerNode::cb 7151219769 7151721101
ConsumerNode::timer_cb 7154582230 7156582929
LoggerNode::timer_cb 7158206839 7160207905
ProducerNode::timer_callback 7160879839 7161100921
LoggerNode::cb 7161115553 7161616051
ConsumerNode::cb 7161203111 7161704474
ConsumerNode::timer_cb 7164625083 7166629064
LoggerNode::timer_cb 7168206022 7170207082
ProducerNode::timer_callback 7170849975 7171094510
LoggerNode::cb 7171119709 7171620322
ConsumerNode::cb 7171197996 7171699369
ConsumerNode::timer_cb 7174587764 7176588860
LoggerNode::timer_cb 7178191946 7180193008
ProducerNode::timer_callback 7180881858 7181101511
LoggerNode::cb 7181115350 7181615877
ConsumerNode::cb 7181204309 7181705619
ConsumerNode::timer_cb 7184622963 7186626313
LoggerNode::timer_cb 7188205264 7190206304
ProducerNode::timer_callback 7190856170 7191101964
LoggerNode::cb 7191127982 7191628609
ConsumerNode::cb 7191205136 7191706770
ConsumerNode::timer_cb 7194624265 7196627925
LoggerNode::timer_cb 7198208450 7200209742
ProducerNode::timer_callback 7200883784 7201127603
LoggerNode::cb 7201151880 7201652521
ConsumerNode::cb 7201235219 7201736561
ConsumerNode::timer_cb 7204587554 7206588562
LoggerNode::timer_cb 7208175833 7210176891
ProducerNode::timer_callback 7210894547 7211112259
LoggerNode::cb 7211125839 7211626360
ConsumerNode::cb 7211223178 7211724485
ConsumerNode::timer_cb 7214622541 7216626342
LoggerNode::timer_cb 7218201594 7220202700
ProducerNode::timer_callback 7220850046 7221094935
LoggerNode::cb 7221119916 7221620462
ConsumerNode::cb 7221205340 7221706969
ConsumerNode::timer_cb 7224587820 7226588908
LoggerNode::timer_cb 7228193593 7230194853
ProducerNode::timer_callback 7230882269 7231101801
LoggerNode::cb 7231115458 7231615961
ConsumerNode::cb 7231208303 7231709560
ConsumerNode::timer_cb 7234623331 7236626574
LoggerNode::timer_cb 7238185414 7240186518
ProducerNode::timer_callback 7240854455 7241101654
LoggerNode::cb 7241131247 7241632403
ConsumerNode::cb 7241131343 7241633285
ConsumerNode::timer_cb 7244618431 7246622162
LoggerNode::timer_cb 7248204358 7250205538
ProducerNode::timer_callback 7250885589 7251132185
LoggerNode::cb 7251163911 7251664804
ConsumerNode::cb 7251237559 7251739220
ConsumerNode::timer_cb 7254587539 7256588613
LoggerNode::timer_cb 7258197665 7260198652
ProducerNode::timer_callback 7260883474 7261108680
LoggerNode::cb 7261127210 7261627860
ConsumerNode::cb 7261210674 7261711777
ConsumerNode::timer_cb 7264623274 7266626766
LoggerNode::timer_cb 7268189223 7270190441
ProducerNode::timer_callback 7270855867 7271100683
LoggerNode::cb 7271130798 7271631483
ConsumerNode::cb 7271206055 7271707433
ConsumerNode::timer_cb 7274623790 7276627564
LoggerNode::timer_cb 7278188254 7280189437
ProducerNode::timer_callback 7280881704 7281126174
LoggerNode::cb 7281154540 7281655185
ConsumerNode::cb 7281239045 7281740692
ConsumerNode::timer_cb 7284581863 7286582467
LoggerNode::timer_cb 7288200147 7290201186
ProducerNode::timer_callback 7290855394 7291072563
LoggerNode::cb 7291091704 7291592491
ConsumerNode::cb 7291175356 7291676435
ConsumerNode::timer_cb 7294648617 7296652402
LoggerNode::timer_cb 7298187386 7300188603
ProducerNode::timer_callback 7300881650 7301127000
LoggerNode::cb 7301155367 7301656011
ConsumerNode::cb 7301240158 7301741722
ConsumerNode::timer_cb 7304618849 7306622331
LoggerNode::timer_cb 7308205591 7310206842
ProducerNode::timer_callback 7310887939 7311132503
LoggerNode::cb 7311162669 7311663406
ConsumerNode::cb 7311238538 7311740182
ConsumerNode::timer_cb 7314624460 7316627975
LoggerNode::timer_cb 7318203423 7320204620
ProducerNode::timer_callback 7320939683 7321188817
ConsumerNode::cb 7321209852 7321710898
LoggerNode::cb 7321215269 7321716031
ConsumerNode::timer_cb 7324586120 7326587086
LoggerNode::timer_cb 7328189991 7330192658
ProducerNode::timer_callback 7330879487 7331133528
LoggerNode::cb 7331170990 7331672166
ConsumerNode::cb 7331171028 7331673044
ConsumerNode::timer_cb 7334596277 7336597896
LoggerNode::timer_cb 7338186769 7340189520
ProducerNode::timer_callback 7340859382 7341095644
LoggerNode::cb 7341122273 7341623070
ConsumerNode::cb 7341136620 7341637525
ConsumerNode::timer_cb 7344579391 7346579849
LoggerNode::timer_cb 7348191931 7350192921
ProducerNode::timer_callback 7350899050 7351115773
LoggerNode::cb 7351132082 7351632777
ConsumerNode::cb 7351219947 7351721080
ConsumerNode::timer_cb 7354582016 7356582691
LoggerNode::timer_cb 7358194167 7360195235
ProducerNode::timer_callback 7360883649 7361100973
LoggerNode::cb 7361119232 7361619858
ConsumerNode::cb 7361210026 7361711285
ConsumerNode::timer_cb 7364623147 7366626538
LoggerNode::timer_cb 7368187970 7370189204
ProducerNode::timer_callback 7370882542 7371127690
LoggerNode::cb 7371158195 7371659236
ConsumerNode::cb 7371171487 7371672993
ConsumerNode::timer_cb 7374586116 7376587106
LoggerNode::timer_cb 7378200329 7380201337
ProducerNode::timer_callback 7380881244 7381105466
LoggerNode::cb 7381123801 7381624359
ConsumerNode::cb 7381224207 7381725449
ConsumerNode::timer_cb 7384586492 7386587477
LoggerNode::timer_cb 7388177078 7390178056
ProducerNode::timer_callback 7390854004 7391070808
LoggerNode::cb 7391086075 7391586665
ConsumerNode::cb 7391114281 7391615567
ConsumerNode::timer_cb 7394600976 7396603544
LoggerNode::timer_cb 7398198334 7400199380
ProducerNode::timer_callback 7400881604 7401117438
LoggerNode::cb 7401139086 7401639709
ConsumerNode::cb 7401222551 7401724255
ConsumerNode::timer_cb 7404618482 7406622704
LoggerNode::timer_cb 7408202828 7410204388
ProducerNode::timer_callback 7410879012 7411123498
LoggerNode::cb 7411148107 7411648701
ConsumerNode::cb 7411230525 7411732281
ConsumerNode::timer_cb 7414624214 7416627668
LoggerNode::timer_cb 7418185143 7420186359
ProducerNode::timer_callback 7420878084 7421124648
LoggerNode::cb 7421153002 7421654126
ConsumerNode::cb 7421153117 7421654959
ConsumerNode::timer_cb 7424585417 7426586243
LoggerNode::timer_cb 7428196066 7430197054
ProducerNode::timer_callback 7430879616 7431099075
LoggerNode::cb 7431116920 7431617571
ConsumerNode::cb 7431209242 7431710374
ConsumerNode::timer_cb 7434621576 7436625459
LoggerNode::timer_cb 7438186196 7440187321
ProducerNode::timer_callback 7440859992 7441111522
LoggerNode::cb 7441130709 7441631931
ConsumerNode::cb 7441130554 7441632082
ConsumerNode::timer_cb 7444616664 7446621058
LoggerNode::timer_cb 7448185879 7450186991
ProducerNode::timer_callback 7450880789 7451128392
LoggerNode::cb 7451147330 7451647854
ConsumerNode::cb 7451147285 7451647956
ConsumerNode::timer_cb 7454586773 7456587768
LoggerNode::timer_cb 7458195083 7460196183
ProducerNode::timer_callback 7460886192 7461112775
LoggerNode::cb 7461128371 7461629014
ConsumerNode::cb 7461128588 7461629194
ConsumerNode::timer_cb 7464622796 7466626115
LoggerNode::timer_cb 7468186108 7470187367
ProducerNode::timer_callback 7470850848 7471099008
LoggerNode::cb 7471117889 7471618581
ConsumerNode::cb 7471117884 7471618630
ConsumerNode::timer_cb 7474622782 7476626585
LoggerNode::timer_cb 7478191178 7480192371
ProducerNode::timer_callback 7480883994 7481131359
LoggerNode::cb 7481148877 7481649468
ConsumerNode::cb 7481148880 7481649571
ConsumerNode::timer_cb 7484622021 7486625750
LoggerNode::timer_cb 7488185881 7490187173
ProducerNode::timer_callback 7490856021 7491103910
LoggerNode::cb 7491123426 7491624348
ConsumerNode::cb 7491123573 7491624442
ConsumerNode::timer_cb 7494623029 7496627061
LoggerNode::timer_cb 7498186158 7500187359
ProducerNode::timer_callback 7500880609 7501127998
LoggerNode::cb 7501145604 7501646335
ConsumerNode::cb 7501145606 7501646337
ConsumerNode::timer_cb 7504622052 7506625862
LoggerNode::timer_cb 7508185247 7510186246
ProducerNode::timer_callback 7510879577 7511128220
LoggerNode::cb 7511147645 7511648111
ConsumerNode::cb 7511147255 7511648129
ConsumerNode::timer_cb 7514623221 7516626612
LoggerNode::timer_cb 7518185499 7520186700
ProducerNode::timer_callback 7520883017 7521129991
LoggerNode::cb 7521148340 7521648978
ConsumerNode::cb 7521148358 7521649056
ConsumerNode::timer_cb 7524615825 7526619199
LoggerNode::timer_cb 7528185602 7530186986
ProducerNode::timer_callback 7530871693 7531132109
LoggerNode::cb 7531159058 7531659948
ConsumerNode::cb 7531159054 7531660059
ConsumerNode::timer_cb 7534608838 7536611754
LoggerNode::timer_cb 7538155753 7540156961
ProducerNode::timer_callback 7540867382 7541116739
LoggerNode::cb 7541145828 7541646939
ConsumerNode::cb 7541145715 7541647235
ConsumerNode::timer_cb 7544579095 7546579746
LoggerNode::timer_cb 7548213354 7550214383
ProducerNode::timer_callback 7550883372 7551105050
LoggerNode::cb 7551122145 7551622808
ConsumerNode::cb 7551207046 7551708156
ConsumerNode::timer_cb 7554585776 7556586773
LoggerNode::timer_cb 7558178284 7560179425
ProducerNode::timer_callback 7560880638 7561099873
LoggerNode::cb 7561118365 7561619000
ConsumerNode::cb 7561206140 7561707254
ConsumerNode::timer_cb 7564581184 7566581853
LoggerNode::timer_cb 7568191850 7570192866
ProducerNode::timer_callback 7570881133 7571097251
LoggerNode::cb 7571113490 7571614072
ConsumerNode::cb 7571135308 7571636650
ConsumerNode::timer_cb 7574585072 7576586041
LoggerNode::timer_cb 7578187435 7580188435
ProducerNode::timer_callback 7580881497 7581098776
LoggerNode::cb 7581116361 7581616978
ConsumerNode::cb 7581201410 7581702582
ConsumerNode::timer_cb 7584622578 7586626343
LoggerNode::timer_cb 7588181800 7590183042
ProducerNode::timer_callback 7590858558 7591105541
LoggerNode::cb 7591138044 7591638936
ConsumerNode::cb 7591149510 7591651023
ConsumerNode::timer_cb 7594587117 7596588175
LoggerNode::timer_cb 7598195755 7600196716
ProducerNode::timer_callback 7600881723 7601097754
LoggerNode::cb 7601114436 7601615045
ConsumerNode::cb 7601200822 7601701918
ConsumerNode::timer_cb 7604621404 7606625071
LoggerNode::timer_cb 7608190992 7610192210
ProducerNode::timer_callback 7610880968 7611125561
LoggerNode::cb 7611154921 7611655558
ConsumerNode::cb 7611235480 7611737229
ConsumerNode::timer_cb 7614644817 7616648658
LoggerNode::timer_cb 7618187753 7620188995
ProducerNode::timer_callback 7620880241 7621124546
LoggerNode::cb 7621151905 7621652564
ConsumerNode::cb 7621234812 7621736477
ConsumerNode::timer_cb 7624594320 7626595753
LoggerNode::timer_cb 7628185486 7630186699
ProducerNode::timer_callback 7630882247 7631119714
LoggerNode::cb 7631142908 7631643630
ConsumerNode::cb 7631220592 7631721762
ConsumerNode::timer_cb 7634621757 7636625485
LoggerNode::timer_cb 7638158959 7640160126
ConsumerNode::cb 7641142345 7641643414
ProducerNode::timer_callback 7640865732 7641670501
LoggerNode::cb 7641698575 7642199487
ConsumerNode::timer_cb 7644624680 7646629328
LoggerNode::timer_cb 7648198334 7650200059
ProducerNode::timer_callback 7650849717 7651097558
LoggerNode::cb 7651118116 7651618737
ConsumerNode::cb 7651118058 7651618967
ConsumerNode::timer_cb 7654615567 7656619351
LoggerNode::timer_cb 7658186501 7660187860
ProducerNode::timer_callback 7660878484 7661126093
LoggerNode::cb 7661147041 7661647608
ConsumerNode::cb 7661147069 7661647842
ConsumerNode::timer_cb 7664621664 7666625110
LoggerNode::timer_cb 7668183424 7670184415
ProducerNode::timer_callback 7670850001 7671097218
LoggerNode::cb 7671115131 7671615669
ConsumerNode::cb 7671115089 7671615744
ConsumerNode::timer_cb 7674612063 7676615713
LoggerNode::timer_cb 7678207206 7680208276
ProducerNode::timer_callback 7680878935 7681124340
LoggerNode::cb 7681142367 7681642940
ConsumerNode::cb 7681142422 7681643058
ConsumerNode::timer_cb 7684622872 7686626235
LoggerNode::timer_cb 7688193751 7690194869
ProducerNode::timer_callback 7690853824 7691100276
LoggerNode::cb 7691118402 7691619076
ConsumerNode::cb 7691118394 7691619127
ConsumerNode::timer_cb 7694623785 7696627176
LoggerNode::timer_cb 7698185249 7700186293
ProducerNode::timer_callback 7700878913 7701125345
LoggerNode::cb 7701144605 7701645107
ConsumerNode::cb 7701144332 7701645118
ConsumerNode::timer_cb 7704585986 7706586987
LoggerNode::timer_cb 7708175136 7710176053
ProducerNode::timer_callback 7710878280 7711098514
LoggerNode::cb 7711113828 7711614404
ConsumerNode::cb 7711114022 7711614647
ConsumerNode::timer_cb 7714623960 7716627939
LoggerNode::timer_cb 7718189466 7720190584
ProducerNode::timer_callback 7720881138 7721127834
LoggerNode::cb 7721146391 7721647013
ConsumerNode::cb 7721146495 7721647132
ConsumerNode::timer_cb 7724617774 7726621252
LoggerNode::timer_cb 7728192255 7730193476
ProducerNode::timer_callback 7730880897 7731128136
LoggerNode::cb 7731146013 7731646615
ConsumerNode::cb 7731146015 7731646746
ConsumerNode::timer_cb 7734603782 7736607076
LoggerNode::timer_cb 7738164152 7740166561
ProducerNode::timer_callback 7740853407 7741102210
LoggerNode::cb 7741129103 7741629720
ConsumerNode::cb 7741128944 7741630221
ConsumerNode::timer_cb 7744584425 7746585546
LoggerNode::timer_cb 7748186152 7750186899
ProducerNode::timer_callback 7750878860 7751107562
ConsumerNode::cb 7751119824 7751620653
LoggerNode::cb 7751121487 7751621993
ConsumerNode::timer_cb 7754584099 7756585140
LoggerNode::timer_cb 7758176593 7760177512
ProducerNode::timer_callback 7760879462 7761098868
LoggerNode::cb 7761112243 7761612765
ConsumerNode::cb 7761112434 7761613013
ConsumerNode::timer_cb 7764622788 7766626680
LoggerNode::timer_cb 7768211485 7770212677
ProducerNode::timer_callback 7770878933 7771125964
LoggerNode::cb 7771144422 7771645035
ConsumerNode::cb 7771144584 7771645248
ConsumerNode::timer_cb 7774617318 7776620882
LoggerNode::timer_cb 7778193133 7780194383
ProducerNode::timer_callback 7780881016 7781127768
LoggerNode::cb 7781145868 7781646504
ConsumerNode::cb 7781145859 7781646611
ConsumerNode::timer_cb 7784622188 7786626453
LoggerNode::timer_cb 7788188460 7790189709
ProducerNode::timer_callback 7790850739 7791099735
LoggerNode::cb 7791118204 7791618883
ConsumerNode::cb 7791118150 7791618898
ConsumerNode::timer_cb 7794622807 7796626549
LoggerNode::timer_cb 7798186273 7800187363
ProducerNode::timer_callback 7800880308 7801126741
LoggerNode::cb 7801145260 7801645839
ConsumerNode::cb 7801145278 7801645991
ConsumerNode::timer_cb 7804623635 7806626978
LoggerNode::timer_cb 7808189557 7810190878
ProducerNode::timer_callback 7810879803 7811127101
LoggerNode::cb 7811146825 7811647462
ConsumerNode::cb 7811146801 7811647545
ConsumerNode::timer_cb 7814623799 7816627198
LoggerNode::timer_cb 7818189358 7820190494
ProducerNode::timer_callback 7820879266 7821126359
LoggerNode::cb 7821145290 7821645951
ConsumerNode::cb 7821145330 7821646052
ConsumerNode::timer_cb 7824617483 7826621022
LoggerNode::timer_cb 7828186285 7830187718
ProducerNode::timer_callback 7830892513 7831140461
LoggerNode::cb 7831160002 7831660445
ConsumerNode::cb 7831159630 7831660485
ConsumerNode::timer_cb 7834623157 7836626579
LoggerNode::timer_cb 7838187739 7840188970
ProducerNode::timer_callback 7840850198 7841099752
LoggerNode::cb 7841117858 7841618491
ConsumerNode::cb 7841117809 7841618596
ConsumerNode::timer_cb 7844615791 7846619548
LoggerNode::timer_cb 7848190997 7850191990
ProducerNode::timer_callback 7850940482 7851187518
ConsumerNode::cb 7851214716 7851715825
LoggerNode::cb 7851216959 7851717966
ConsumerNode::timer_cb 7854622224 7856626742
LoggerNode::timer_cb 7858189411 7860190682
ProducerNode::timer_callback 7860880679 7861126029
LoggerNode::cb 7861156692 7861657490
ConsumerNode::cb 7861163603 7861665133
ConsumerNode::timer_cb 7864585959 7866586959
LoggerNode::timer_cb 7868189017 7870189989
ProducerNode::timer_callback 7870857167 7871075338
ConsumerNode::cb 7871089429 7871590376
LoggerNode::cb 7871091831 7871592321
ConsumerNode::timer_cb 7874622661 7876626086
LoggerNode::timer_cb 7878213419 7880214471
ProducerNode::timer_callback 7880877850 7881122504
LoggerNode::cb 7881141035 7881641503
ConsumerNode::cb 7881140858 7881641592
ConsumerNode::timer_cb 7884663424 7886666964
LoggerNode::timer_cb 7888187742 7890188906
ProducerNode::timer_callback 7890879551 7891125703
LoggerNode::cb 7891150397 7891651154
ConsumerNode::cb 7891150322 7891651447
ConsumerNode::timer_cb 7894600707 7896602863
LoggerNode::timer_cb 7898190413 7900191476
ProducerNode::timer_callback 7900882329 7901116416
LoggerNode::cb 7901139654 7901640321
ConsumerNode::cb 7901219335 7901720688
ConsumerNode::timer_cb 7904648396 7906652144
LoggerNode::timer_cb 7908189422 7910190632
ProducerNode::timer_callback 7910881843 7911126053
LoggerNode::cb 7911154394 7911655039
ConsumerNode::cb 7911230200 7911731504
ConsumerNode::timer_cb 7914623754 7916627683
LoggerNode::timer_cb 7918186138 7920187353
ProducerNode::timer_callback 7920880263 7921124293
LoggerNode::cb 7921152456 7921653102
ConsumerNode::cb 7921228822 7921730368
ConsumerNode::timer_cb 7924616357 7926620454
LoggerNode::timer_cb 7928193317 7930194550
ProducerNode::timer_callback 7930883252 7931128948
LoggerNode::cb 7931159265 7931660037
ConsumerNode::cb 7931244834 7931746252
ConsumerNode::timer_cb 7934582062 7936584241
LoggerNode::timer_cb 7938217052 7940222368
ProducerNode::timer_callback 7940889153 7941145887
LoggerNode::cb 7941178030 7941679238
ConsumerNode::cb 7941178441 7941680456
ConsumerNode::timer_cb 7944583296 7946584183
LoggerNode::timer_cb 7948175979 7950177429
ProducerNode::timer_callback 7950883555 7951101950
LoggerNode::cb 7951118841 7951619462
ConsumerNode::cb 7951206565 7951707596
ConsumerNode::timer_cb 7954581265 7956582045
LoggerNode::timer_cb 7958177658 7960178806
ProducerNode::timer_callback 7960881440 7961098736
LoggerNode::cb 7961116486 7961617165
ConsumerNode::cb 7961204019 7961705177
ConsumerNode::timer_cb 7964581085 7966581814
LoggerNode::timer_cb 7968177299 7970178304
ProducerNode::timer_callback 7970880901 7971096799
LoggerNode::cb 7971114007 7971614625
ConsumerNode::cb 7971136533 7971637842
ConsumerNode::timer_cb 7974626265 7976631181
LoggerNode::timer_cb 7978189081 7980190338
ProducerNode::timer_callback 7980880664 7981125103
LoggerNode::cb 7981152808 7981653485
ConsumerNode::cb 7981232845 7981734520
ConsumerNode::timer_cb 7984586972 7986587950
LoggerNode::timer_cb 7988173641 7990174666
ProducerNode::timer_callback 7990878072 7991094432
ConsumerNode::cb 7991112004 7991613131
LoggerNode::cb 7991113041 7991613740
ConsumerNode::timer_cb 7994621910 7996625989
LoggerNode::timer_cb 7998395435 8000398697
ProducerNode::timer_callback 8000856433 8001103170
LoggerNode::cb 8001132378 8001633275
ConsumerNode::cb 8001219652 8001721392
ConsumerNode::timer_cb 8004622656 8006626839
LoggerNode::timer_cb 8008186822 8010188175
ProducerNode::timer_callback 8010889471 8011134082
LoggerNode::cb 8011163663 8011664365
ConsumerNode::cb 8011242748 8011744111
ConsumerNode::timer_cb 8014634222 8016637920
LoggerNode::timer_cb 8018203666 8020204839
ProducerNode::timer_callback 8020880212 8021125351
LoggerNode::cb 8021152837 8021653488
ConsumerNode::cb 8021235222 8021736898
ConsumerNode::timer_cb 8024626551 8026630457
LoggerNode::timer_cb 8028190353 8030191654
ProducerNode::timer_callback 8030880797 8031125576
LoggerNode::cb 8031153246 8031653882
ConsumerNode::cb 8031235304 8031737057
ConsumerNode::timer_cb 8034662184 8036665612
LoggerNode::timer_cb 8038217710 8040220868
ProducerNode::timer_callback 8040852211 8041096333
LoggerNode::cb 8041122874 8041623588
ConsumerNode::cb 8041122832 8041624450
ConsumerNode::timer_cb 8044622530 8046627301
LoggerNode::timer_cb 8048188987 8050190419
ProducerNode::timer_callback 8050882434 8051127892
LoggerNode::cb 8051159646 8051660399
ConsumerNode::cb 8051168434 8051670083
ConsumerNode::timer_cb 8054621341 8056624887
LoggerNode::timer_cb 8058194573 8060195834
ProducerNode::timer_callback 8060880603 8061126896
LoggerNode::cb 8061156405 8061657160
ConsumerNode::cb 8061163106 8061664089
ConsumerNode::timer_cb 8064579471 8066580051
LoggerNode::timer_cb 8068176335 8070177385
ProducerNode::timer_callback 8070854236 8071071102
ConsumerNode::cb 8071087556 8071588751
LoggerNode::cb 8071089585 8071590412
ConsumerNode::timer_cb 8074586852 8076587856
LoggerNode::timer_cb 8078289849 8080292161
ProducerNode::timer_callback 8080893958 8081139007
LoggerNode::cb 8081169127 8081670321
ConsumerNode::cb 8081189174 8081691140
ConsumerNode::timer_cb 8084623104 8086626642
LoggerNode::timer_cb 8088188137 8090189718
ProducerNode::timer_callback 8090883170 8091130774
LoggerNode::cb 8091156560 8091657397
ConsumerNode::cb 8091156530 8091657970
ConsumerNode::timer_cb 8094623809 8096627598
LoggerNode::timer_cb 8098210808 8100212042
ProducerNode::timer_callback 8100880241 8101125234
LoggerNode::cb 8101155023 8101655848
ConsumerNode::cb 8101228827 8101730084
ConsumerNode::timer_cb 8104623557 8106627400
LoggerNode::timer_cb 8108191230 8110192690
ProducerNode::timer_callback 8110885688 8111133452
LoggerNode::cb 8111167278 8111668770
ConsumerNode::cb 8111167687 8111669527
ConsumerNode::timer_cb 8114621678 8116624857
LoggerNode::timer_cb 8118194313 8120197876
ProducerNode::timer_callback 8120884143 8121130851
LoggerNode::cb 8121162790 8121663766
ConsumerNode::cb 8121172752 8121674220
ConsumerNode::timer_cb 8124588955 8126590922
LoggerNode::timer_cb 8128205669 8130206639
ProducerNode::timer_callback 8130882658 8131106672
LoggerNode::cb 8131124909 8131625585
ConsumerNode::cb 8131208980 8131710083
ConsumerNode::timer_cb 8134622634 8136627053
LoggerNode::timer_cb 8138189618 8140191872
ProducerNode::timer_callback 8140893405 8141150201
LoggerNode::cb 8141179109 8141680183
ConsumerNode::cb 8141179276 8141680715
ConsumerNode::timer_cb 8144604075 8146607894
LoggerNode::timer_cb 8148193790 8150194908
ProducerNode::timer_callback 8150878024 8151125712
LoggerNode::cb 8151147416 8151647936
ConsumerNode::cb 8151147277 8151648320
ConsumerNode::timer_cb 8154584355 8156585366
LoggerNode::timer_cb 8158169505 8160170386
ProducerNode::timer_callback 8160886826 8161110110
LoggerNode::cb 8161123923 8161624494
ConsumerNode::cb 8161124068 8161624689
ConsumerNode::timer_cb 8164622321 8166625619
LoggerNode::timer_cb 8168218386 8170219524
ProducerNode::timer_callback 8170880853 8171127622
LoggerNode::cb 8171145573 8171646165
ConsumerNode::cb 8171145690 8171646331
ConsumerNode::timer_cb 8174615118 8176619136
LoggerNode::timer_cb 8178189843 8180191029
ProducerNode::timer_callback 8180879661 8181125938
LoggerNode::cb 8181145296 8181645770
ConsumerNode::cb 8181145044 8181645863
ConsumerNode::timer_cb 8184622535 8186627186
LoggerNode::timer_cb 8188187393 8190188636
ProducerNode::timer_callback 8190882587 8191141567
LoggerNode::cb 8191160414 8191661099
ConsumerNode::cb 8191160416 8191661274
ConsumerNode::timer_cb 8194622631 8196626748
LoggerNode::timer_cb 8198186305 8200187377
ProducerNode::timer_callback 8200877731 8201124487
LoggerNode::cb 8201142555 8201643165
ConsumerNode::cb 8201142628 8201643315
ConsumerNode::timer_cb 8204622490 8206626218
LoggerNode::timer_cb 8208184801 8210186024
ProducerNode::timer_callback 8210884840 8211130969
LoggerNode::cb 8211150308 8211650903
ConsumerNode::cb 8211150337 8211650994
ConsumerNode::timer_cb 8214621871 8216625908
LoggerNode::timer_cb 8218186830 8220187893
ProducerNode::timer_callback 8220877979 8221124386
LoggerNode::cb 8221143379 8221643916
ConsumerNode::cb 8221143301 8221644008
ConsumerNode::timer_cb 8224593424 8226595311
LoggerNode::timer_cb 8228188265 8230189276
ProducerNode::timer_callback 8230880234 8231121474
LoggerNode::cb 8231138106 8231638733
ConsumerNode::cb 8231138346 8231638982
ConsumerNode::timer_cb 8234623745 8236627074
LoggerNode::timer_cb 8238197468 8240198722
ProducerNode::timer_callback 8240856532 8241116398
LoggerNode::cb 8241133963 8241634815
ConsumerNode::cb 8241133922 8241634800
ConsumerNode::timer_cb 8244620945 8246627093
LoggerNode::timer_cb 8248193869 8250195877
ProducerNode::timer_callback 8250877754 8251126629
LoggerNode::cb 8251146864 8251647345
ConsumerNode::cb 8251146626 8251647483
ConsumerNode::timer_cb 8254579673 8256580245
LoggerNode::timer_cb 8258181542 8260182642
ProducerNode::timer_callback 8260890479 8261118373
LoggerNode::cb 8261133704 8261634224
ConsumerNode::cb 8261133911 8261634652
ConsumerNode::timer_cb 8264622858 8266626573
LoggerNode::timer_cb 8268194416 8270195372
ProducerNode::timer_callback 8270850812 8271105150
LoggerNode::cb 8271124394 8271624987
ConsumerNode::cb 8271124220 8271624991
ConsumerNode::timer_cb 8274615842 8276619084
LoggerNode::timer_cb 8278187122 8280188138
ProducerNode::timer_callback 8280879077 8281123834
LoggerNode::cb 8281143368 8281643816
ConsumerNode::cb 8281143044 8281643846
ConsumerNode::timer_cb 8284622516 8286625991
LoggerNode::timer_cb 8288185829 8290186913
ProducerNode::timer_callback 8290877898 8291129363
LoggerNode::cb 8291147999 8291648641
ConsumerNode::cb 8291147974 8291648682
ConsumerNode::timer_cb 8294661263 8296664597
LoggerNode::timer_cb 8298185912 8300186944
ProducerNode::timer_callback 8300889257 8301136298
LoggerNode::cb 8301155216 8301655824
ConsumerNode::cb 8301155191 8301655969
ConsumerNode::timer_cb 8304622658 8306626457
LoggerNode::timer_cb 8308157416 8310158607
ProducerNode::timer_callback 8310877250 8311123583
LoggerNode::cb 8311143337 8311643976
ConsumerNode::cb 8311143334 8311644043
ConsumerNode::timer_cb 8314622818 8316626530
LoggerNode::timer_cb 8318187199 8320188240
ProducerNode::timer_callback 8320878239 8321124690
LoggerNode::cb 8321144372 8321644993
ConsumerNode::cb 8321144374 8321645108
ConsumerNode::timer_cb 8324581455 8326582137
LoggerNode::timer_cb 8328174016 8330174789
ProducerNode::timer_callback 8330880054 8331097506
LoggerNode::cb 8331110502 8331610974
ConsumerNode::cb 8331110701 8331611280
ConsumerNode::timer_cb 8334661507 8336665426
LoggerNode::timer_cb 8338184523 8340185550
ProducerNode::timer_callback 8340878813 8341127487
LoggerNode::cb 8341144356 8341645000
ConsumerNode::cb 8341144310 8341645015
ConsumerNode::timer_cb 8344611091 8346615108
LoggerNode::timer_cb 8348187180 8350188267
ProducerNode::timer_callback 8350881467 8351130099
LoggerNode::cb 8351152756 8351653358
ConsumerNode::cb 8351152593 8351653478
ConsumerNode::timer_cb 8354584287 8356585280
LoggerNode::timer_cb 8358146853 8360147877
ProducerNode::timer_callback 8360887798 8361109383
LoggerNode::cb 8361124332 8361625008
ConsumerNode::cb 8361124545 8361625191
ConsumerNode::timer_cb 8364622607 8366625915
LoggerNode::timer_cb 8368156254 8370157458
ProducerNode::timer_callback 8370879618 8371126297
LoggerNode::cb 8371144650 8371645119
ConsumerNode::cb 8371144285 8371645104
ConsumerNode::timer_cb 8374581218 8376581972
LoggerNode::timer_cb 8378178467 8380179585
ProducerNode::timer_callback 8380878559 8381107266
LoggerNode::cb 8381124032 8381624559
ConsumerNode::cb 8381123882 8381624610
ConsumerNode::timer_cb 8384586108 8386587144
LoggerNode::timer_cb 8388173223 8390174162
ProducerNode::timer_callback 8390880213 8391104875
ConsumerNode::cb 8391118136 8391618946
LoggerNode::cb 8391119622 8391620116
ConsumerNode::timer_cb 8394582677 8396583658
LoggerNode::timer_cb 8398185396 8400187188
ProducerNode::timer_callback 8400882005 8401117645
LoggerNode::cb 8401134913 8401635433
ConsumerNode::cb 8401135055 8401635722
ConsumerNode::timer_cb 8404622417 8406626192
LoggerNode::timer_cb 8408177543 8410178540
ProducerNode::timer_callback 8410877278 8411124271
LoggerNode::cb 8411142283 8411642843
ConsumerNode::cb 8411142203 8411642916
ConsumerNode::timer_cb 8414652649 8416656251
LoggerNode::timer_cb 8418185919 8420186906
ProducerNode::timer_callback 8420878310 8421123835
LoggerNode::cb 8421141987 8421642547
ConsumerNode::cb 8421141899 8421642562
ConsumerNode::timer_cb 8424588395 8426589412
LoggerNode::timer_cb 8428177674 8430178650
ProducerNode::timer_callback 8430881989 8431103993
LoggerNode::cb 8431117859 8431618406
ConsumerNode::cb 8431118033 8431618638
ConsumerNode::timer_cb 8434622899 8436626658
LoggerNode::timer_cb 8438186559 8440187804
ProducerNode::timer_callback 8440878429 8441131293
LoggerNode::cb 8441148564 8441649350
ConsumerNode::cb 8441148566 8441649380
ConsumerNode::timer_cb 8444623244 8446628884
LoggerNode::timer_cb 8448187732 8450188951
ProducerNode::timer_callback 8450878252 8451128406
LoggerNode::cb 8451148991 8451649443
ConsumerNode::cb 8451148708 8451649523
ConsumerNode::timer_cb 8454581307 8456582242
LoggerNode::timer_cb 8458184273 8460185283
ProducerNode::timer_callback 8460881749 8461113356
LoggerNode::cb 8461129101 8461629642
ConsumerNode::cb 8461128982 8461629729
ConsumerNode::timer_cb 8464623728 8466627531
LoggerNode::timer_cb 8468183634 8470184684
ProducerNode::timer_callback 8470887187 8471137048
LoggerNode::cb 8471156811 8471657414
ConsumerNode::cb 8471156682 8471657447
ConsumerNode::timer_cb 8474579045 8476579620
LoggerNode::timer_cb 8478168312 8480168858
ProducerNode::timer_callback 8480875524 8481088647
ConsumerNode::cb 8481098966 8481599629
LoggerNode::cb 8481100690 8481601136
ConsumerNode::timer_cb 8484622657 8486626068
LoggerNode::timer_cb 8488158044 8490159226
ProducerNode::timer_callback 8490877768 8491125622
LoggerNode::cb 8491144330 8491645069
ConsumerNode::cb 8491144271 8491645105
ConsumerNode::timer_cb 8494623849 8496627242
LoggerNode::timer_cb 8498186596 8500187696
ProducerNode::timer_callback 8500878484 8501125204
LoggerNode::cb 8501143725 8501644681
ConsumerNode::cb 8501143727 8501644776
ConsumerNode::timer_cb 8504586080 8506587072
LoggerNode::timer_cb 8508144631 8510145534
ProducerNode::timer_callback 8510878750 8511099681
LoggerNode::cb 8511113531 8511614141
ConsumerNode::cb 8511113735 8511614356
ConsumerNode::timer_cb 8514622547 8516627088
LoggerNode::timer_cb 8518186326 8520187494
ProducerNode::timer_callback 8520878894 8521126391
LoggerNode::cb 8521144098 8521644698
ConsumerNode::cb 8521144089 8521644801
ConsumerNode::timer_cb 8524617565 8526621433
LoggerNode::timer_cb 8528216095 8530217403
ProducerNode::timer_callback 8530882088 8531128841
LoggerNode::cb 8531147329 8531647921
ConsumerNode::cb 8531147376 8531648007
ConsumerNode::timer_cb 8534623572 8536627262
LoggerNode::timer_cb 8538185704 8540186943
ProducerNode::timer_callback 8540880491 8541127761
LoggerNode::cb 8541146288 8541646704
ConsumerNode::cb 8541145759 8541646623
ConsumerNode::timer_cb 8544592988 8546595442
LoggerNode::timer_cb 8548193713 8550195674
ProducerNode::timer_callback 8550881885 8551130555
LoggerNode::cb 8551155092 8551655799
ConsumerNode::cb 8551155299 8551656123
ConsumerNode::timer_cb 8554583108 8556583837
LoggerNode::timer_cb 8558152778 8560153935
ProducerNode::timer_callback 8560878628 8561109240
LoggerNode::cb 8561125227 8561625869
ConsumerNode::cb 8561125356 8561625987
ConsumerNode::timer_cb 8564624099 8566627839
LoggerNode::timer_cb 8568187063 8570188305
ProducerNode::timer_callback 8570879874 8571127101
LoggerNode::cb 8571145442 8571646065
ConsumerNode::cb 8571145407 8571646132
ConsumerNode::timer_cb 8574581555 8576582361
LoggerNode::timer_cb 8578206007 8580206992
ProducerNode::timer_callback 8580879880 8581099972
ConsumerNode::cb 8581113288 8581614153
LoggerNode::cb 8581113849 8581614290
ConsumerNode::timer_cb 8584623768 8586627085
LoggerNode::timer_cb 8588188144 8590189316
ProducerNode::timer_callback 8590881474 8591129207
LoggerNode::cb 8591148140 8591648739
ConsumerNode::cb 8591148144 8591648869
ConsumerNode::timer_cb 8594622616 8596626410
LoggerNode::timer_cb 8598213535 8600214697
ProducerNode::timer_callback 8600882941 8601130678
LoggerNode::cb 8601148783 8601649441
ConsumerNode::cb 8601148790 8601649520
ConsumerNode::timer_cb 8604640327 8606644142
LoggerNode::timer_cb 8608177956 8610179140
ProducerNode::timer_callback 8610878330 8611125957
LoggerNode::cb 8611144886 8611645490
ConsumerNode::cb 8611144927 8611645613
ConsumerNode::timer_cb 8614623631 8616626959
LoggerNode::timer_cb 8618208376 8620209606
ProducerNode::timer_callback 8620880467 8621126993
LoggerNode::cb 8621145187 8621645803
ConsumerNode::cb 8621145140 8621645881
ConsumerNode::timer_cb 8624586183 8626587176
LoggerNode::timer_cb 8628182303 8630183321
ProducerNode::timer_callback 8630878572 8631098746
LoggerNode::cb 8631112462 8631613088
ConsumerNode::cb 8631112654 8631613333
ConsumerNode::timer_cb 8634637233 8636641026
LoggerNode::timer_cb 8638185970 8640187165
ProducerNode::timer_callback 8640879190 8641127993
LoggerNode::cb 8641146777 8641647293
ConsumerNode::cb 8641146479 8641647319
ConsumerNode::timer_cb 8644618218 8646623847
LoggerNode::timer_cb 8648209151 8650211097
ProducerNode::timer_callback 8650882506 8651131126
LoggerNode::cb 8651155854 8651656639
ConsumerNode::cb 8651155836 8651656852
ConsumerNode::timer_cb 8654622700 8656626468
LoggerNode::timer_cb 8658155752 8660156844
ProducerNode::timer_callback 8660878219 8661125353
LoggerNode::cb 8661144516 8661645073
ConsumerNode::cb 8661144455 8661645199
ConsumerNode::timer_cb 8664622563 8666626322
LoggerNode::timer_cb 8668188103 8670189224
ProducerNode::timer_callback 8670884606 8671132837
LoggerNode::cb 8671153202 8671653769
ConsumerNode::cb 8671153200 8671653889
ConsumerNode::timer_cb 8674581154 8676581869
LoggerNode::timer_cb 8678199612 8680200605
ProducerNode::timer_callback 8680886829 8681104542
ConsumerNode::cb 8681117233 8681618032
LoggerNode::cb 8681118009 8681618426
ConsumerNode::timer_cb 8684621886 8686625762
LoggerNode::timer_cb 8688156484 8690157552
ProducerNode::timer_callback 8690877924 8691125510
LoggerNode::cb 8691143680 8691644283
ConsumerNode::cb 8691143666 8691644425
ConsumerNode::timer_cb 8694674210 8696677673
LoggerNode::timer_cb 8698185848 8700186959
ProducerNode::timer_callback 8700877909 8701124960
LoggerNode::cb 8701142607 8701643063
ConsumerNode::cb 8701142153 8701643076
ConsumerNode::timer_cb 8704623145 8706626487
LoggerNode::timer_cb 8708165764 8710167233
ProducerNode::timer_callback 8710879367 8711126117
LoggerNode::cb 8711143620 8711644457
ConsumerNode::cb 8711143601 8711644566
ConsumerNode::timer_cb 8714623685 8716627035
LoggerNode::timer_cb 8718185715 8720186895
ProducerNode::timer_callback 8720885118 8721132236
LoggerNode::cb 8721150401 8721651014
ConsumerNode::cb 8721150404 8721651116
ConsumerNode::timer_cb 8724584153 8726585243
LoggerNode::timer_cb 8728173522 8730174419
ProducerNode::timer_callback 8730877105 8731094071
LoggerNode::cb 8731107551 8731608083
ConsumerNode::cb 8731107711 8731608320
ConsumerNode::timer_cb 8734667416 8736670774
LoggerNode::timer_cb 8738183751 8740184814
ProducerNode::timer_callback 8740883988 8741131233
LoggerNode::cb 8741149884 8741650491
ConsumerNode::cb 8741149828 8741650489
ConsumerNode::timer_cb 8744585210 8746586595
LoggerNode::timer_cb 8748210692 8750214057
ProducerNode::timer_callback 8750899535 8751147476
LoggerNode::cb 8751176013 8751676811
ConsumerNode::cb 8751176070 8751677009
ConsumerNode::timer_cb 8754579537 8756580153
LoggerNode::timer_cb 8758145835 8760146709
ProducerNode::timer_callback 8760885510 8761109260
LoggerNode::cb 8761126702 8761627175
ConsumerNode::cb 8761126501 8761627221
ConsumerNode::timer_cb 8764623406 8766627143
LoggerNode::timer_cb 8768192567 8770193753
ProducerNode::timer_callback 8770878845 8771125394
LoggerNode::cb 8771143683 8771644185
ConsumerNode::cb 8771143476 8771644213
ConsumerNode::timer_cb 8774584894 8776586039
LoggerNode::timer_cb 8778198493 8780199476
ProducerNode::timer_callback 8780877993 8781098653
LoggerNode::cb 8781112562 8781613133
ConsumerNode::cb 8781112753 8781613369
ConsumerNode::timer_cb 8784623248 8786627461
LoggerNode::timer_cb 8788189846 8790191024
ProducerNode::timer_callback 8790880205 8791126989
LoggerNode::cb 8791147400 8791648068
ConsumerNode::cb 8791147452 8791648218
ConsumerNode::timer_cb 8794622058 8796625561
LoggerNode::timer_cb 8798186281 8800187530
ProducerNode::timer_callback 8800884901 8801131430
LoggerNode::cb 8801150212 8801650673
ConsumerNode::cb 8801149956 8801650832
ConsumerNode::timer_cb 8804647682 8806651040
LoggerNode::timer_cb 8808157017 8810158223
ProducerNode::timer_callback 8810880072 8811127717
LoggerNode::cb 8811146322 8811646882
ConsumerNode::cb 8811146250 8811647033
ConsumerNode::timer_cb 8814662517 8816665857
LoggerNode::timer_cb 8818204075 8820205309
ProducerNode::timer_callback 8820883600 8821130790
LoggerNode::cb 8821148717 8821649359
ConsumerNode::cb 8821148688 8821649429
ConsumerNode::timer_cb 8824587194 8826588488
LoggerNode::timer_cb 8828187514 8830188526
ProducerNode::timer_callback 8830883000 8831121369
LoggerNode::cb 8831137134 8831637877
ConsumerNode::cb 8831137350 8831637985
ConsumerNode::timer_cb 8834623145 8836626611
LoggerNode::timer_cb 8838189683 8840190885
ProducerNode::timer_callback 8840878882 8841126106
LoggerNode::cb 8841144516 8841645165
ConsumerNode::cb 8841144504 8841645218
ConsumerNode::timer_cb 8844599128 8846601902
LoggerNode::timer_cb 8848190316 8850191379
ProducerNode::timer_callback 8850876480 8851124389
LoggerNode::cb 8851143284 8851643907
ConsumerNode::cb 8851143298 8851644007
ConsumerNode::timer_cb 8854621592 8856624966
LoggerNode::timer_cb 8858166582 8860168462
ProducerNode::timer_callback 8860878847 8861125190
ConsumerNode::cb 8861144661 8861645660
LoggerNode::cb 8861145280 8861645794
ConsumerNode::timer_cb 8864621014 8866624455
LoggerNode::timer_cb 8868185738 8870186960
ProducerNode::timer_callback 8870878966 8871135791
LoggerNode::cb 8871153336 8871654066
ConsumerNode::cb 8871153353 8871654131
ConsumerNode::timer_cb 8874583963 8876585003
LoggerNode::timer_cb 8878198120 8880198872
ProducerNode::timer_callback 8880875466 8881096719
ConsumerNode::cb 8881107455 8881608134
LoggerNode::cb 8881109491 8881609959
ConsumerNode::timer_cb 8884622483 8886626228
LoggerNode::timer_cb 8888155390 8890156435
ProducerNode::timer_callback 8890878018 8891124863
LoggerNode::cb 8891143131 8891643796
ConsumerNode::cb 8891143165 8891643858
ConsumerNode::timer_cb 8894622331 8896625820
LoggerNode::timer_cb 8898203224 8900205096
ProducerNode::timer_callback 8900880099 8901128113
LoggerNode::cb 8901147375 8901648300
ConsumerNode::cb 8901147376 8901648515
ConsumerNode::timer_cb 8904622094 8906625526
LoggerNode::timer_cb 8908165881 8910167274
ProducerNode::timer_callback 8910886195 8911130766
LoggerNode::cb 8911160546 8911661385
ConsumerNode::cb 8911250660 8911752157
ConsumerNode::timer_cb 8914623666 8916627831
LoggerNode::timer_cb 8918190773 8920192035
ProducerNode::timer_callback 8920885649 8921130561
LoggerNode::cb 8921159024 8921659626
ConsumerNode::cb 8921243381 8921744950
ConsumerNode::timer_cb 8924584179 8926585144
LoggerNode::timer_cb 8928179942 8930181036
ProducerNode::timer_callback 8930879986 8931101504
LoggerNode::cb 8931119738 8931620388
ConsumerNode::cb 8931205822 8931707082
ConsumerNode::timer_cb 8934690031 8936694146
LoggerNode::timer_cb 8938187706 8940189009
ProducerNode::timer_callback 8940873812 8941130381
LoggerNode::cb 8941160963 8941661893
ConsumerNode::cb 8941170083 8941671937
ConsumerNode::timer_cb 8944587308 8946588266
LoggerNode::timer_cb 8948171698 8950175182
ProducerNode::timer_callback 8950888247 8951140314
LoggerNode::cb 8951176171 8951677028
ConsumerNode::cb 8951176015 8951677653
ConsumerNode::timer_cb 8954584492 8956585403
LoggerNode::timer_cb 8958151730 8960152923
ProducerNode::timer_callback 8960881366 8961102314
LoggerNode::cb 8961117000 8961617580
ConsumerNode::cb 8961207354 8961708630
ConsumerNode::timer_cb 8964622784 8966626274
LoggerNode::timer_cb 8968202424 8970203499
ProducerNode::timer_callback 8970877956 8971121637
LoggerNode::cb 8971146067 8971646694
ConsumerNode::cb 8971227254 8971728860
ConsumerNode::timer_cb 8974586948 8976587957
LoggerNode::timer_cb 8978198953 8980200117
ProducerNode::timer_callback 8980881974 8981102014
LoggerNode::cb 8981119985 8981620683
ConsumerNode::cb 8981155715 8981657233
ConsumerNode::timer_cb 8984631454 8986635661
LoggerNode::timer_cb 8988208859 8990210104
ProducerNode::timer_callback 8990852772 8991096541
LoggerNode::cb 8991123543 8991624773
ConsumerNode::cb 8991201406 8991702990
ConsumerNode::timer_cb 8994583245 8996584085
LoggerNode::timer_cb 8998176636 9000177646
ProducerNode::timer_callback 9000880085 9001101031
LoggerNode::cb 9001118214 9001618773
ConsumerNode::cb 9001157961 9001659285
ConsumerNode::timer_cb 9004623860 9006627994
LoggerNode::timer_cb 9008165361 9010166868
ProducerNode::timer_callback 9010884436 9011129295
LoggerNode::cb 9011157983 9011658634
ConsumerNode::cb 9011243488 9011744957
ConsumerNode::timer_cb 9014623227 9016626584
LoggerNode::timer_cb 9018346455 9020351030
ProducerNode::timer_callback 9020856380 9021103694
LoggerNode::cb 9021132036 9021632723
ConsumerNode::cb 9021214875 9021716732
ConsumerNode::timer_cb 9024587285 9026588338
LoggerNode::timer_cb 9028178436 9030179592
ProducerNode::timer_callback 9030879846 9031098852
LoggerNode::cb 9031115535 9031616220
ConsumerNode::cb 9031204066 9031705384
ConsumerNode::timer_cb 9034623355 9036626548
LoggerNode::timer_cb 9038187602 9040188860
ProducerNode::timer_callback 9040853688 9041101789
LoggerNode::cb 9041132280 9041633214
ConsumerNode::cb 9041154883 9041656699
ConsumerNode::timer_cb 9044622155 9046625979
LoggerNode::timer_cb 9048195113 9050196815
ProducerNode::timer_callback 9050888593 9051135164
LoggerNode::cb 9051164844 9051665494
ConsumerNode::cb 9051250389 9051751742
ConsumerNode::timer_cb 9054587463 9056588477
LoggerNode::timer_cb 9058165075 9060166240
ProducerNode::timer_callback 9060885953 9061114382
ConsumerNode::cb 9061126221 9061627004
LoggerNode::cb 9061127826 9061628288
ConsumerNode::timer_cb 9064586053 9066587058
LoggerNode::timer_cb 9068175951 9070176915
ProducerNode::timer_callback 9070877137 9071093708
LoggerNode::cb 9071107434 9071607997
ConsumerNode::cb 9071107648 9071608305
ConsumerNode::timer_cb 9074616903 9076620191
LoggerNode::timer_cb 9078187270 9080188515
ProducerNode::timer_callback 9080878793 9081125817
LoggerNode::cb 9081144754 9081645331
ConsumerNode::cb 9081144735 9081645426
ConsumerNode::timer_cb 9084622786 9086626633
LoggerNode::timer_cb 9088156713 9090157947
ProducerNode::timer_callback 9090874227 9091121563
LoggerNode::cb 9091139729 9091640358
ConsumerNode::cb 9091139745 9091640467
ConsumerNode::timer_cb 9094623238 9096626967
LoggerNode::timer_cb 9098184626 9100185633
ProducerNode::timer_callback 9100878552 9101125482
LoggerNode::cb 9101143551 9101643944
ConsumerNode::cb 9101143177 9101643908
ConsumerNode::timer_cb 9104622457 9106625852
LoggerNode::timer_cb 9108176534 9110177770
ProducerNode::timer_callback 9110879951 9111126258
LoggerNode::cb 9111144930 9111645542
ConsumerNode::cb 9111144932 9111645701
ConsumerNode::timer_cb 9114586012 9116586990
LoggerNode::timer_cb 9118194332 9120195348
ProducerNode::timer_callback 9120877857 9121094160
LoggerNode::cb 9121107546 9121608010
ConsumerNode::cb 9121107298 9121608068
ConsumerNode::timer_cb 9124618051 9126621360
LoggerNode::timer_cb 9128202266 9130203383
ProducerNode::timer_callback 9130878094 9131124500
LoggerNode::cb 9131142693 9131643308
ConsumerNode::cb 9131142741 9131643442
ConsumerNode::timer_cb 9134622513 9136625954
LoggerNode::timer_cb 9138185886 9140186938
ProducerNode::timer_callback 9140878093 9141132666
LoggerNode::cb 9141151864 9141652386
ConsumerNode::cb 9141151406 9141652313
ConsumerNode::timer_cb 9144580646 9146581294
LoggerNode::timer_cb 9148193599 9150195785
ProducerNode::timer_callback 9150887603 9151141179
LoggerNode::cb 9151182675 9151683965
ConsumerNode::cb 9151215662 9151717439
ConsumerNode::timer_cb 9154605418 9156607802
LoggerNode::timer_cb 9158258133 9160259727
ProducerNode::timer_callback 9160884086 9161128056
LoggerNode::cb 9161153245 9161653919
ConsumerNode::cb 9161165764 9161666912
ConsumerNode::timer_cb 9164622816 9166626725
LoggerNode::timer_cb 9168216822 9170219575
ProducerNode::timer_callback 9170878980 9171124884
LoggerNode::cb 9171151214 9171651877
ConsumerNode::cb 9171164057 9171665400
ConsumerNode::timer_cb 9174581980 9176582699
LoggerNode::timer_cb 9178195792 9180196817
ProducerNode::timer_callback 9180877464 9181096011
LoggerNode::cb 9181109803 9181610271
ConsumerNode::cb 9181197875 9181699125
ConsumerNode::timer_cb 9184624779 9186628352
LoggerNode::timer_cb 9188205594 9190207116
ProducerNode::timer_callback 9190878928 9191124508
LoggerNode::cb 9191149530 9191650262
ConsumerNode::cb 9191236201 9191737648
ConsumerNode::timer_cb 9194624010 9196627733
LoggerNode::timer_cb 9198190369 9200191418
ProducerNode::timer_callback 9200879213 9201124485
LoggerNode::cb 9201150390 9201651357
ConsumerNode::cb 9201164353 9201665769
ConsumerNode::timer_cb 9204622270 9206626123
LoggerNode::timer_cb 9208163461 9210165019
ProducerNode::timer_callback 9210880061 9211123849
LoggerNode::cb 9211147120 9211647742
ConsumerNode::cb 9211226318 9211727999
ConsumerNode::timer_cb 9214623907 9216627380
LoggerNode::timer_cb 9218184767 9220185802
ProducerNode::timer_callback 9220879821 9221124132
LoggerNode::cb 9221148763 9221649308
ConsumerNode::cb 9221228994 9221730593
ConsumerNode::timer_cb 9224587158 9226588187
LoggerNode::timer_cb 9228175547 9230176594
ProducerNode::timer_callback 9230877640 9231096274
LoggerNode::cb 9231110033 9231610516
ConsumerNode::cb 9231200411 9231701612
ConsumerNode::timer_cb 9234623451 9236626886
LoggerNode::timer_cb 9238201400 9240202471
ProducerNode::timer_callback 9240878129 9241133998
LoggerNode::cb 9241164696 9241665453
ConsumerNode::cb 9241234123 9241735943
ConsumerNode::timer_cb 9244614645 9246618947
LoggerNode::timer_cb 9248201545 9250204121
ProducerNode::timer_callback 9250880687 9251126823
LoggerNode::cb 9251155078 9251656012
ConsumerNode::cb 9251168552 9251669772
ConsumerNode::timer_cb 9254644675 9256648328
LoggerNode::timer_cb 9258163286 9260164856
ProducerNode::timer_callback 9260880775 9261125074
LoggerNode::cb 9261150341 9261650931
ConsumerNode::cb 9261231825 9261733576
ConsumerNode::timer_cb 9264587726 9266588759
LoggerNode::timer_cb 9268193969 9270194917
ProducerNode::timer_callback 9270879622 9271093721
LoggerNode::cb 9271106447 9271607093
ConsumerNode::cb 9271198908 9271700260
ConsumerNode::timer_cb 9274588040 9276589021
LoggerNode::timer_cb 9278192164 9280193084
ProducerNode::timer_callback 9280884638 9281099144
LoggerNode::cb 9281111986 9281612486
ConsumerNode::cb 9281202097 9281703378
ConsumerNode::timer_cb 9284672262 9286675680
LoggerNode::timer_cb 9288157801 9290158970
ProducerNode::timer_callback 9290880847 9291128886
LoggerNode::cb 9291148260 9291648910
ConsumerNode::cb 9291148388 9291648993
ConsumerNode::timer_cb 9294621995 9296625412
LoggerNode::timer_cb 9298185762 9300186873
ProducerNode::timer_callback 9300878058 9301125334
LoggerNode::cb 9301145613 9301646253
ConsumerNode::cb 9301145615 9301646354
ConsumerNode::timer_cb 9304664959 9306668866
LoggerNode::timer_cb 9308175212 9310176464
ProducerNode::timer_callback 9310879373 9311125931
LoggerNode::cb 9311144105 9311644756
ConsumerNode::cb 9311144181 9311644814
ConsumerNode::timer_cb 9314622937 9316626252
LoggerNode::timer_cb 9318204465 9320205518
ProducerNode::timer_callback 9320883229 9321130335
LoggerNode::cb 9321148301 9321648965
ConsumerNode::cb 9321148338 9321649011
ConsumerNode::timer_cb 9324622924 9326626860
LoggerNode::timer_cb 9328185047 9330186132
ProducerNode::timer_callback 9330878234 9331124877
LoggerNode::cb 9331143614 9331644032
ConsumerNode::cb 9331143154 9331644003
ConsumerNode::timer_cb 9334674637 9336678115
LoggerNode::timer_cb 9338201135 9340202222
ProducerNode::timer_callback 9340880737 9341129081
LoggerNode::cb 9341147393 9341648022
ConsumerNode::cb 9341147394 9341648139
ConsumerNode::timer_cb 9344614323 9346617801
LoggerNode::timer_cb 9348205449 9350206618
ProducerNode::timer_callback 9350878629 9351125908
LoggerNode::cb 9351144993 9351645651
ConsumerNode::cb 9351145112 9351645757
ConsumerNode::timer_cb 9354608353 9356611703
LoggerNode::timer_cb 9358180197 9360181790
ProducerNode::timer_callback 9360888675 9361136933
LoggerNode::cb 9361157969 9361658561
ConsumerNode::cb 9361157856 9361658730
ConsumerNode::timer_cb 9364623772 9366627221
LoggerNode::timer_cb 9368202916 9370204006
ProducerNode::timer_callback 9370878207 9371124553
LoggerNode::cb 9371143180 9371643818
ConsumerNode::cb 9371143178 9371643874
ConsumerNode::timer_cb 9374585907 9376586954
LoggerNode::timer_cb 9378206043 9380209249
ProducerNode::timer_callback 9380880855 9381126207
LoggerNode::cb 9381152233 9381652920
ConsumerNode::cb 9381152372 9381653355
ConsumerNode::timer_cb 9384614068 9386617566
LoggerNode::timer_cb 9388192528 9390193872
ProducerNode::timer_callback 9390879287 9391127800
LoggerNode::cb 9391145782 9391646409
ConsumerNode::cb 9391145991 9391646647
ConsumerNode::timer_cb 9394622114 9396625983
LoggerNode::timer_cb 9398186327 9400188165
ProducerNode::timer_callback 9400862902 9401111953
LoggerNode::cb 9401134907 9401635503
ConsumerNode::cb 9401134801 9401635851
ConsumerNode::timer_cb 9404584634 9406585556
LoggerNode::timer_cb 9408169675 9410170498
ProducerNode::timer_callback 9410896753 9411125937
LoggerNode::cb 9411139380 9411640017
ConsumerNode::cb 9411139518 9411640194
ConsumerNode::timer_cb 9414622482 9416626247
LoggerNode::timer_cb 9418186212 9420187339
ProducerNode::timer_callback 9420878825 9421127389
LoggerNode::cb 9421143892 9421644545
ConsumerNode::cb 9421143894 9421644657
ConsumerNode::timer_cb 9424585556 9426586897
LoggerNode::timer_cb 9428199304 9430200377
ProducerNode::timer_callback 9430881195 9431157984
LoggerNode::cb 9431185767 9431686560
ConsumerNode::cb 9431185777 9431686948
ConsumerNode::timer_cb 9434603620 9436606281
LoggerNode::timer_cb 9438199986 9440200745
ProducerNode::timer_callback 9440879192 9441128182
LoggerNode::cb 9441146125 9441646641
ConsumerNode::cb 9441145966 9441646770
ConsumerNode::timer_cb 9444599366 9446602092
LoggerNode::timer_cb 9448206341 9450208051
ProducerNode::timer_callback 9450881974 9451131323
LoggerNode::cb 9451152967 9451653627
ConsumerNode::cb 9451153038 9451653903
ConsumerNode::timer_cb 9454586018 9456587050
LoggerNode::timer_cb 9458148473 9460149575
ProducerNode::timer_callback 9460879100 9461100846
LoggerNode::cb 9461117154 9461617583
ConsumerNode::cb 9461146201 9461647934
ConsumerNode::timer_cb 9464580596 9466581097
LoggerNode::timer_cb 9468172013 9470172950
ProducerNode::timer_callback 9470878514 9471093335
LoggerNode::cb 9471106888 9471607429
ConsumerNode::cb 9471133914 9471635479
ConsumerNode::timer_cb 9474622179 9476626050
LoggerNode::timer_cb 9478213334 9480214907
ProducerNode::timer_callback 9480889162 9481132765
LoggerNode::cb 9481159913 9481660538
ConsumerNode::cb 9481241762 9481743195
ConsumerNode::timer_cb 9484622195 9486625885
LoggerNode::timer_cb 9488164230 9490165787
ProducerNode::timer_callback 9490882699 9491129184
LoggerNode::cb 9491160242 9491661012
ConsumerNode::cb 9491168863 9491670616
ConsumerNode::timer_cb 9494591485 9496592501
LoggerNode::timer_cb 9498177190 9500178170
ProducerNode::timer_callback 9500879541 9501096086
LoggerNode::cb 9501112429 9501613128
ConsumerNode::cb 9501200376 9501701464
ConsumerNode::timer_cb 9504581253 9506581911
LoggerNode::timer_cb 9508190803 9510191950
ProducerNode::timer_callback 9510882368 9511098066
LoggerNode::cb 9511115070 9511615702
ConsumerNode::cb 9511207384 9511708646
ConsumerNode::timer_cb 9514582485 9516583295
LoggerNode::timer_cb 9518210469 9520214268
ProducerNode::timer_callback 9520883189 9521125802
LoggerNode::cb 9521155525 9521656324
ConsumerNode::cb 9521243543 9521745160
ConsumerNode::timer_cb 9524623862 9526627658
LoggerNode::timer_cb 9528209984 9530211172
ProducerNode::timer_callback 9530882625 9531127225
LoggerNode::cb 9531154951 9531655575
ConsumerNode::cb 9531238615 9531740105
ConsumerNode::timer_cb 9534647388 9536650824
LoggerNode::timer_cb 9538204280 9540205379
ProducerNode::timer_callback 9540881232 9541127095
LoggerNode::cb 9541156379 9541657163
ConsumerNode::cb 9541236113 9541737793
ConsumerNode::timer_cb 9544618297 9546622215
LoggerNode::timer_cb 9548212275 9550213438
ProducerNode::timer_callback 9550883813 9551118076
LoggerNode::cb 9551145062 9551645671
ConsumerNode::cb 9551224621 9551726150
ConsumerNode::timer_cb 9554593752 9556596342
LoggerNode::timer_cb 9558203050 9560206330
ProducerNode::timer_callback 9560895052 9561142735
LoggerNode::cb 9561174068 9561674817
ConsumerNode::cb 9561191605 9561693250
ConsumerNode::timer_cb 9564623738 9566627129
LoggerNode::timer_cb 9568206680 9570207901
ProducerNode::timer_callback 9570881781 9571126734
LoggerNode::cb 9571154287 9571654962
ConsumerNode::cb 9571236682 9571738308
ConsumerNode::timer_cb 9574623481 9576627035
LoggerNode::timer_cb 9578208059 9580209571
ProducerNode::timer_callback 9580878641 9581123241
LoggerNode::cb 9581147451 9581648066
ConsumerNode::cb 9581236711 9581738198
ConsumerNode::timer_cb 9584622982 9586627545
LoggerNode::timer_cb 9588200605 9590201723
ProducerNode::timer_callback 9590882094 9591129075
LoggerNode::cb 9591154763 9591655454
ConsumerNode::cb 9591173651 9591675266
ConsumerNode::timer_cb 9594587103 9596588119
LoggerNode::timer_cb 9598375566 9600379033
ProducerNode::timer_callback 9600858089 9601106421
LoggerNode::cb 9601138890 9601639697
ConsumerNode::cb 9601140497 9601642264
ConsumerNode::timer_cb 9604597165 9606599040
LoggerNode::timer_cb 9608169392 9610170621
ProducerNode::timer_callback 9610879703 9611114281
LoggerNode::cb 9611137249 9611637935
ConsumerNode::cb 9611138060 9611639253
ConsumerNode::timer_cb 9614623705 9616627076
LoggerNode::timer_cb 9618213983 9620215154
ProducerNode::timer_callback 9620884835 9621128928
LoggerNode::cb 9621157982 9621658838
ConsumerNode::cb 9621237242 9621738934
ConsumerNode::timer_cb 9624587244 9626588310
LoggerNode::timer_cb 9628206223 9630208776
ProducerNode::timer_callback 9630884456 9631124068
LoggerNode::cb 9631151786 9631652581
ConsumerNode::cb 9631234856 9631736605
ConsumerNode::timer_cb 9634625239 9636628992
LoggerNode::timer_cb 9638206351 9640207634
ProducerNode::timer_callback 9640882737 9641127261
LoggerNode::cb 9641156998 9641657829
ConsumerNode::cb 9641231621 9641733154
ConsumerNode::timer_cb 9644611590 9646616258
LoggerNode::timer_cb 9648190610 9650196354
ProducerNode::timer_callback 9653505353 9653783045
ConsumerNode::cb 9653827801 9654329678
LoggerNode::cb 9653834057 9654335183
ConsumerNode::timer_cb 9654597612 9656599889
LoggerNode::timer_cb 9658190587 9660194151
ProducerNode::timer_callback 9662628246 9662900724
ConsumerNode::cb 9662943187 9663445081
LoggerNode::cb 9662945763 9663447196
ConsumerNode::timer_cb 9664605713 9666608171
LoggerNode::timer_cb 9668478594 9670481713
ProducerNode::timer_callback 9673658653 9673932938
ConsumerNode::cb 9673976940 9674478710
LoggerNode::cb 9673982839 9674484506
ConsumerNode::timer_cb 9674587550 9676588857
LoggerNode::timer_cb 9678483878 9680487810
ProducerNode::timer_callback 9682477095 9682748799
ConsumerNode::cb 9682789151 9683290980
LoggerNode::cb 9682790822 9683291967
ConsumerNode::timer_cb 9684602683 9686604741
LoggerNode::timer_cb 9691448711 9693456858
ProducerNode::timer_callback 9693830813 9694098924
LoggerNode::cb 9694141087 9694642300
ConsumerNode::cb 9694141202 9694643366
ConsumerNode::timer_cb 9694683343 9696684730
LoggerNode::timer_cb 9699151433 9701156385
ProducerNode::timer_callback 9701361324 9701627151
LoggerNode::cb 9701666324 9702167705
ConsumerNode::cb 9701666251 9702168540
ConsumerNode::timer_cb 9704621545 9706625850
LoggerNode::timer_cb 9708657491 9710662037
ProducerNode::timer_callback 9712503206 9712785986
ConsumerNode::cb 9712821224 9713322897
LoggerNode::cb 9712834767 9713336610
ConsumerNode::timer_cb 9714603812 9716606641
LoggerNode::timer_cb 9718193242 9720197427
ProducerNode::timer_callback 9723473155 9723749610
ConsumerNode::cb 9723795571 9724297714
LoggerNode::cb 9723801223 9724302220
ConsumerNode::timer_cb 9724597098 9726598769
LoggerNode::timer_cb 9728178040 9730179805
ProducerNode::timer_callback 9732476583 9732731202
LoggerNode::cb 9732766831 9733267580
ConsumerNode::cb 9732767072 9733268614
ConsumerNode::timer_cb 9734601931 9736603728
LoggerNode::timer_cb 9738202965 9740203982
ProducerNode::timer_callback 9740877837 9741109670
LoggerNode::cb 9741125401 9741625862
ConsumerNode::cb 9741212093 9741713375
ConsumerNode::timer_cb 9744617784 9746618900
LoggerNode::timer_cb 9748199052 9750200000
ProducerNode::timer_callback 9750881738 9751107226
LoggerNode::cb 9751121629 9751622084
ConsumerNode::cb 9751215125 9751716426
ConsumerNode::timer_cb 9754582836 9756583910
LoggerNode::timer_cb 9758180918 9760185367
ProducerNode::timer_callback 9760915671 9761165353
LoggerNode::cb 9761195727 9761696364
ConsumerNode::cb 9761195605 9761696739
ConsumerNode::timer_cb 9764582862 9766583685
LoggerNode::timer_cb 9768197397 9770198412
ProducerNode::timer_callback 9770879839 9771097056
LoggerNode::cb 9771110877 9771611429
ConsumerNode::cb 9771111091 9771611745
ConsumerNode::timer_cb 9774622714 9776626455
LoggerNode::timer_cb 9778201881 9780203166
ProducerNode::timer_callback 9780886695 9781132498
LoggerNode::cb 9781150780 9781651293
ConsumerNode::cb 9781150561 9781651318
ConsumerNode::timer_cb 9784622031 9786625483
LoggerNode::timer_cb 9788201764 9790202826
ProducerNode::timer_callback 9790896769 9791143667
LoggerNode::cb 9791163247 9791663841
ConsumerNode::cb 9791163197 9791663930
ConsumerNode::timer_cb 9794622554 9796625893
LoggerNode::timer_cb 9798201774 9800202833
ProducerNode::timer_callback 9800881063 9801127631
LoggerNode::cb 9801145361 9801646007
ConsumerNode::cb 9801145411 9801646090
ConsumerNode::timer_cb 9804623935 9806627776
LoggerNode::timer_cb 9808205320 9810206427
ProducerNode::timer_callback 9810878943 9811125808
LoggerNode::cb 9811143745 9811644386
ConsumerNode::cb 9811143749 9811644507
ConsumerNode::timer_cb 9814622417 9816626397
LoggerNode::timer_cb 9818204241 9820205310
ProducerNode::timer_callback 9820885916 9821133245
LoggerNode::cb 9821151261 9821651861
ConsumerNode::cb 9821151395 9821652044
ConsumerNode::timer_cb 9824624279 9826628287
LoggerNode::timer_cb 9828202059 9830203307
ProducerNode::timer_callback 9830899929 9831146035
LoggerNode::cb 9831165495 9831666091
ConsumerNode::cb 9831165433 9831666196
ConsumerNode::timer_cb 9834622772 9836626508
LoggerNode::timer_cb 9838205098 9840206192
ProducerNode::timer_callback 9840878389 9841125658
LoggerNode::cb 9841143747 9841644373
ConsumerNode::cb 9841143855 9841644485
ConsumerNode::timer_cb 9844621276 9846625840
LoggerNode::timer_cb 9848190731 9850192467
ProducerNode::timer_callback 9850880274 9851128582
LoggerNode::cb 9851150617 9851651038
ConsumerNode::cb 9851150143 9851650942
ConsumerNode::timer_cb 9854622700 9856626593
LoggerNode::timer_cb 9858153345 9860154468
ProducerNode::timer_callback 9860880537 9861126476
LoggerNode::cb 9861145387 9861646054
ConsumerNode::cb 9861145552 9861646191
ConsumerNode::timer_cb 9864622381 9866626109
LoggerNode::timer_cb 9868206410 9870207556
ProducerNode::timer_callback 9870885784 9871132625
LoggerNode::cb 9871151583 9871652228
ConsumerNode::cb 9871151687 9871652279
ConsumerNode::timer_cb 9874625008 9876628655
LoggerNode::timer_cb 9878206574 9880207839
ProducerNode::timer_callback 9880878682 9881125396
LoggerNode::cb 9881144187 9881644675
ConsumerNode::cb 9881143853 9881644718
ConsumerNode::timer_cb 9884655247 9886658652
LoggerNode::timer_cb 9888204184 9890205479
ProducerNode::timer_callback 9890879897 9891127263
LoggerNode::cb 9891145946 9891646936
ConsumerNode::cb 9891146001 9891646977
ConsumerNode::timer_cb 9894581961 9896582724
LoggerNode::timer_cb 9898193255 9900194863
ProducerNode::timer_callback 9900888049 9901126790
LoggerNode::cb 9901147226 9901647898
ConsumerNode::cb 9901147487 9901648308
ConsumerNode::timer_cb 9904653872 9906658006
LoggerNode::timer_cb 9908209958 9910211166
ProducerNode::timer_callback 9910878775 9911126004
LoggerNode::cb 9911144101 9911644737
ConsumerNode::cb 9911144079 9911644842
ConsumerNode::timer_cb 9914624284 9916628180
LoggerNode::timer_cb 9918188124 9920189316
ProducerNode::timer_callback 9920878577 9921125147
LoggerNode::cb 9921143277 9921643898
ConsumerNode::cb 9921143279 9921644021
ConsumerNode::timer_cb 9924646769 9926650698
LoggerNode::timer_cb 9928197986 9930199224
ProducerNode::timer_callback 9930879985 9931126537
LoggerNode::cb 9931144638 9931645277
ConsumerNode::cb 9931144659 9931645352
ConsumerNode::timer_cb 9934622236 9936625706
LoggerNode::timer_cb 9938191248 9940192486
ProducerNode::timer_callback 9940879123 9941125854
LoggerNode::cb 9941144560 9941644970
ConsumerNode::cb 9941144037 9941644903
ConsumerNode::timer_cb 9944615658 9946619147
LoggerNode::timer_cb 9948205912 9950207110
ProducerNode::timer_callback 9950878683 9951126632
LoggerNode::cb 9951144900 9951645489
ConsumerNode::cb 9951144892 9951645642
ConsumerNode::timer_cb 9954620221 9956623534
LoggerNode::timer_cb 9958182840 9960187718
ProducerNode::timer_callback 9960921619 9961171158
LoggerNode::cb 9961204342 9961705640
ConsumerNode::cb 9961222223 9961724160
ConsumerNode::timer_cb 9964596914 9966598415
LoggerNode::timer_cb 9968200971 9970202585
ProducerNode::timer_callback 9970883386 9971109671
LoggerNode::cb 9971126778 9971627361
ConsumerNode::cb 9971217841 9971718953
ConsumerNode::timer_cb 9974623724 9976628142
LoggerNode::timer_cb 9978207945 9980209207
ProducerNode::timer_callback 9980880361 9981124495
LoggerNode::cb 9981151893 9981652546
ConsumerNode::cb 9981231041 9981732515
ConsumerNode::timer_cb 9984622696 9986626140
LoggerNode::timer_cb 9988189079 9990190270
ProducerNode::timer_callback 9990880939 9991126097
LoggerNode::cb 9991155336 9991656073
ConsumerNode::cb 9991169658 9991671196
ConsumerNode::timer_cb 9994622233 9996626083
LoggerNode::timer_cb 9998203709 10000204932
ProducerNode::timer_callback 10000880350 10001125287
LoggerNode::cb 10001153368 10001654019
ConsumerNode::cb 10001233039 10001734859
ConsumerNode::timer_cb 10004622599 10006626316
LoggerNode::timer_cb 10008203016 10010204389
ProducerNode::timer_callback 10010884079 10011129258
LoggerNode::cb 10011157319 10011658005
ConsumerNode::cb 10011234187 10011735739
ConsumerNode::timer_cb 10014623180 10016626542
LoggerNode::timer_cb 10018186944 10020188149
ProducerNode::timer_callback 10020885355 10021130245
LoggerNode::cb 10021159463 10021660130
ConsumerNode::cb 10021239830 10021741099
ConsumerNode::timer_cb 10024585306 10026586446
LoggerNode::timer_cb 10028183738 10030184938
ProducerNode::timer_callback 10030886757 10031119326
LoggerNode::cb 10031140126 10031640766
ConsumerNode::cb 10031228613 10031729988
ConsumerNode::timer_cb 10034582036 10036582663
LoggerNode::timer_cb 10038177098 10040178085
ProducerNode::timer_callback 10040880491 10041098222
LoggerNode::cb 10041114292 10041614905
ConsumerNode::cb 10041199958 10041701044
ConsumerNode::timer_cb 10044614912 10046620059
LoggerNode::timer_cb 10048202296 10050205268
ProducerNode::timer_callback 10050881796 10051128081
LoggerNode::cb 10051157988 10051658770
ConsumerNode::cb 10051234169 10051735568
ConsumerNode::timer_cb 10054623336 10056627216
LoggerNode::timer_cb 10058157316 10060158511
ProducerNode::timer_callback 10060882466 10061127103
LoggerNode::cb 10061156286 10061656911
ConsumerNode::cb 10061234212 10061735736
ConsumerNode::timer_cb 10064586902 10066587910
LoggerNode::timer_cb 10068176973 10070177982
ProducerNode::timer_callback 10070880050 10071095249
LoggerNode::cb 10071111380 10071611976
ConsumerNode::cb 10071136810 10071637967
ConsumerNode::timer_cb 10074623754 10076627453
LoggerNode::timer_cb 10078295403 10080297207
ProducerNode::timer_callback 10080884499 10081130454
LoggerNode::cb 10081160762 10081661606
ConsumerNode::cb 10081177655 10081679215
ConsumerNode::timer_cb 10084585778 10086586769
LoggerNode::timer_cb 10088174537 10090175632
ProducerNode::timer_callback 10090889339 10091105871
LoggerNode::cb 10091122804 10091623495
ConsumerNode::cb 10091209683 10091710804
ConsumerNode::timer_cb 10094589630 10096591068
LoggerNode::timer_cb 10098176268 10100177226
ProducerNode::timer_callback 10100881538 10101098708
LoggerNode::cb 10101116439 10101617067
ConsumerNode::cb 10101202181 10101703310
ConsumerNode::timer_cb 10104622974 10106626810
LoggerNode::timer_cb 10108175230 10110176590
ProducerNode::timer_callback 10110894379 10111139646
LoggerNode::cb 10111168574 10111669274
ConsumerNode::cb 10111245791 10111747052
ConsumerNode::timer_cb 10114623354 10116627140
LoggerNode::timer_cb 10118208256 10120209302
ProducerNode::timer_callback 10120881401 10121126626
LoggerNode::cb 10121154241 10121654895
ConsumerNode::cb 10121233498 10121735138
ConsumerNode::timer_cb 10124634374 10126637939
LoggerNode::timer_cb 10128188407 10130189793
ProducerNode::timer_callback 10130883140 10131127592
LoggerNode::cb 10131155835 10131656485
ConsumerNode::cb 10131234451 10131735898
ConsumerNode::timer_cb 10134664185 10136668816
LoggerNode::timer_cb 10138193193 10140194244
ProducerNode::timer_callback 10140882419 10141126883
LoggerNode::cb 10141156206 10141657191
ConsumerNode::cb 10141169367 10141671167
ConsumerNode::timer_cb 10144585585 10146586512
LoggerNode::timer_cb 10148178800 10150180006
ProducerNode::timer_callback 10150879929 10151103795
LoggerNode::cb 10151122018 10151622598
ConsumerNode::cb 10151208939 10151710161
ConsumerNode::timer_cb 10154598732 10156601310
LoggerNode::timer_cb 10158182000 10160184053
ProducerNode::timer_callback 10160916162 10161167121
LoggerNode::cb 10161205738 10161707138
ConsumerNode::cb 10161206072 10161708714
ConsumerNode::timer_cb 10164604681 10166607740
LoggerNode::timer_cb 10168196703 10170198826
ProducerNode::timer_callback 10170878691 10171119567
LoggerNode::cb 10171140683 10171641155
ConsumerNode::cb 10171225291 10171726567
ConsumerNode::timer_cb 10174587173 10176588277
LoggerNode::timer_cb 10178177719 10180178795
ProducerNode::timer_callback 10180881965 10181107715
LoggerNode::cb 10181122638 10181623264
ConsumerNode::cb 10181210008 10181711403
ConsumerNode::timer_cb 10184624825 10186628252
LoggerNode::timer_cb 10188192738 10190193790
ProducerNode::timer_callback 10190879244 10191123732
LoggerNode::cb 10191148477 10191649114
ConsumerNode::cb 10191231536 10191732865
ConsumerNode::timer_cb 10194588055 10196589139
LoggerNode::timer_cb 10198196577 10200197610
ProducerNode::timer_callback 10200877669 10201096470
LoggerNode::cb 10201109960 10201610442
ConsumerNode::cb 10201201108 10201702439
ConsumerNode::timer_cb 10204663111 10206666488
LoggerNode::timer_cb 10208191534 10210192977
ProducerNode::timer_callback 10210880263 10211124536
LoggerNode::cb 10211148517 10211649142
ConsumerNode::cb 10211229509 10211730852
ConsumerNode::timer_cb 10214623973 10216627309
LoggerNode::timer_cb 10218188438 10220189499
ProducerNode::timer_callback 10220877786 10221122898
LoggerNode::cb 10221147033 10221647563
ConsumerNode::cb 10221241745 10221743440
ConsumerNode::timer_cb 10224624390 10226628283
LoggerNode::timer_cb 10228185389 10230186470
ProducerNode::timer_callback 10230878019 10231122564
LoggerNode::cb 10231146592 10231647169
ConsumerNode::cb 10231226259 10231727675
ConsumerNode::timer_cb 10234622610 10236625971
LoggerNode::timer_cb 10238189107 10240190152
ProducerNode::timer_callback 10240878318 10241123388
LoggerNode::cb 10241148667 10241649304
ConsumerNode::cb 10241168563 10241670129
ConsumerNode::timer_cb 10244624293 10246629516
LoggerNode::timer_cb 10248196033 10250198104
ProducerNode::timer_callback 10250879838 10251126284
LoggerNode::cb 10251155501 10251656221
ConsumerNode::cb 10251172121 10251673639
ConsumerNode::timer_cb 10254581460 10256582142
LoggerNode::timer_cb 10258153798 10260154792
ProducerNode::timer_callback 10260880778 10261107214
LoggerNode::cb 10261122437 10261623151
ConsumerNode::cb 10261122604 10261623380
ConsumerNode::timer_cb 10264580011 10266580844
LoggerNode::timer_cb 10268181450 10270182548
ProducerNode::timer_callback 10270879358 10271096675
ConsumerNode::cb 10271109429 10271610226
LoggerNode::cb 10271111256 10271611726
ConsumerNode::timer_cb 10274622966 10276626507
LoggerNode::timer_cb 10278207460 10280208544
ProducerNode::timer_callback 10280878394 10281124924
LoggerNode::cb 10281143010 10281643658
ConsumerNode::cb 10281143040 10281643735
ConsumerNode::timer_cb 10284623171 10286626934
LoggerNode::timer_cb 10288207676 10290208865
ProducerNode::timer_callback 10290881020 10291128705
LoggerNode::cb 10291146367 10291646968
ConsumerNode::cb 10291146474 10291647107
ConsumerNode::timer_cb 10294583192 10296584180
LoggerNode::timer_cb 10298206183 10300209381
ProducerNode::timer_callback 10300881364 10301125096
LoggerNode::cb 10301151091 10301651775
ConsumerNode::cb 10301151256 10301652114
ConsumerNode::timer_cb 10304661690 10306665425
LoggerNode::timer_cb 10308204265 10310205337
ProducerNode::timer_callback 10310879831 10311126174
LoggerNode::cb 10311144733 10311645304
ConsumerNode::cb 10311144735 10311645418
ConsumerNode::timer_cb 10314622756 10316626202
LoggerNode::timer_cb 10318190994 10320192376
ProducerNode::timer_callback 10320886337 10321132934
LoggerNode::cb 10321153351 10321654011
ConsumerNode::cb 10321153394 10321654045
ConsumerNode::timer_cb 10324623191 10326627039
LoggerNode::timer_cb 10328189434 10330190646
ProducerNode::timer_callback 10330881680 10331128847
LoggerNode::cb 10331148066 10331648796
ConsumerNode::cb 10331148224 10331648928
ConsumerNode::timer_cb 10334664939 10336668420
LoggerNode::timer_cb 10338183655 10340184622
ProducerNode::timer_callback 10340877743 10341124562
LoggerNode::cb 10341142032 10341642655
ConsumerNode::cb 10341141996 10341642668
ConsumerNode::timer_cb 10344584657 10346585712
LoggerNode::timer_cb 10348200667 10350201647
ProducerNode::timer_callback 10350880141 10351100301
LoggerNode::cb 10351113926 10351614417
ConsumerNode::cb 10351113947 10351614526
ConsumerNode::timer_cb 10354619866 10356623544
LoggerNode::timer_cb 10358189723 10360191097
ProducerNode::timer_callback 10360882180 10361130053
LoggerNode::cb 10361148740 10361649397
ConsumerNode::cb 10361148983 10361649595
ConsumerNode::timer_cb 10364617897 10366622021
LoggerNode::timer_cb 10368187680 10370188782
ProducerNode::timer_callback 10370879512 10371127536
LoggerNode::cb 10371148190 10371648697
ConsumerNode::cb 10371148001 10371648816
ConsumerNode::timer_cb 10374586470 10376587553
LoggerNode::timer_cb 10378178467 10380179456
ProducerNode::timer_callback 10380879966 10381107774
LoggerNode::cb 10381121869 10381622449
ConsumerNode::cb 10381122020 10381622646
ConsumerNode::timer_cb 10384658550 10386662596
LoggerNode::timer_cb 10388187329 10390188623
ProducerNode::timer_callback 10390881609 10391128037
LoggerNode::cb 10391146890 10391647291
ConsumerNode::cb 10391146398 10391647231
ConsumerNode::timer_cb 10394586647 10396587659
LoggerNode::timer_cb 10398204156 10400205149
ProducerNode::timer_callback 10400878011 10401099920
LoggerNode::cb 10401113618 10401614103
ConsumerNode::cb 10401113554 10401614239
ConsumerNode::timer_cb 10404602703 10406605507
LoggerNode::timer_cb 10408212574 10410213817
ProducerNode::timer_callback 10410885201 10411129388
LoggerNode::cb 10411150047 10411650649
ConsumerNode::cb 10411150149 10411650938
ConsumerNode::timer_cb 10414622878 10416626748
LoggerNode::timer_cb 10418205163 10420206386
ProducerNode::timer_callback 10420884889 10421132660
LoggerNode::cb 10421150839 10421651489
ConsumerNode::cb 10421150841 10421651582
ConsumerNode::timer_cb 10424622659 10426626205
LoggerNode::timer_cb 10428194032 10430195345
ProducerNode::timer_callback 10430850892 10431099054
LoggerNode::cb 10431117069 10431617779
ConsumerNode::cb 10431117075 10431617854
ConsumerNode::timer_cb 10434623270 10436627059
LoggerNode::timer_cb 10438187193 10440188372
ProducerNode::timer_callback 10440879846 10441127680
LoggerNode::cb 10441145781 10441646429
ConsumerNode::cb 10441145874 10441646531
ConsumerNode::timer_cb 10444615895 10446619998
LoggerNode::timer_cb 10448192226 10450193776
ProducerNode::timer_callback 10450880294 10451129037
LoggerNode::cb 10451153337 10451653746
ConsumerNode::cb 10451152729 10451653704
ConsumerNode::timer_cb 10454658935 10456662750
LoggerNode::timer_cb 10458205399 10460206621
ProducerNode::timer_callback 10460883378 10461130702
LoggerNode::cb 10461149259 10461649903
ConsumerNode::cb 10461149323 10461649988
ConsumerNode::timer_cb 10464580944 10466581755
LoggerNode::timer_cb 10468176650 10470177650
ProducerNode::timer_callback 10470883774 10471104215
ConsumerNode::cb 10471116127 10471616970
LoggerNode::cb 10471118123 10471618585
ConsumerNode::timer_cb 10474622511 10476627004
LoggerNode::timer_cb 10478185332 10480186301
ProducerNode::timer_callback 10480877070 10481123455
ConsumerNode::cb 10481140781 10481641530
LoggerNode::cb 10481141368 10481641804
ConsumerNode::timer_cb 10484622618 10486626513
LoggerNode::timer_cb 10488192737 10490194007
ProducerNode::timer_callback 10490883269 10491131436
LoggerNode::cb 10491150203 10491650820
ConsumerNode::cb 10491150303 10491650906
ConsumerNode::timer_cb 10494588695 10496589801
LoggerNode::timer_cb 10498175539 10500176522
ProducerNode::timer_callback 10500888466 10501109580
LoggerNode::cb 10501123192 10501623829
ConsumerNode::cb 10501123383 10501624002
ConsumerNode::timer_cb 10504622058 10506625507
LoggerNode::timer_cb 10508190210 10510191363
ProducerNode::timer_callback 10510882543 10511129675
ConsumerNode::cb 10511148999 10511649874
LoggerNode::cb 10511149546 10511649974
ConsumerNode::timer_cb 10514621374 10516624753
LoggerNode::timer_cb 10518208958 10520210031
ProducerNode::timer_callback 10520878080 10521123930
LoggerNode::cb 10521143657 10521644245
ConsumerNode::cb 10521143615 10521644406
ConsumerNode::timer_cb 10524622176 10526625926
LoggerNode::timer_cb 10528188976 10530190038
ProducerNode::timer_callback 10530880852 10531127855
LoggerNode::cb 10531144817 10531645454
ConsumerNode::cb 10531144819 10531645452
ConsumerNode::timer_cb 10534622233 10536625708
LoggerNode::timer_cb 10538206067 10540207118
ProducerNode::timer_callback 10540877754 10541124412
LoggerNode::cb 10541143555 10541644024
ConsumerNode::cb 10541143169 10541644022
ConsumerNode::timer_cb 10544583291 10546584319
LoggerNode::timer_cb 10548180249 10550181424
ProducerNode::timer_callback 10550881807 10551107990
LoggerNode::cb 10551122636 10551623279
ConsumerNode::cb 10551122838 10551623506
ConsumerNode::timer_cb 10554638420 10556641742
LoggerNode::timer_cb 10558210609 10560211851
ProducerNode::timer_callback 10560887554 10561134852
LoggerNode::cb 10561152903 10561653515
ConsumerNode::cb 10561152887 10561653644
ConsumerNode::timer_cb 10564597903 10566600675
LoggerNode::timer_cb 10568193173 10570195644
ProducerNode::timer_callback 10570881925 10571131274
LoggerNode::cb 10571154903 10571655374
ConsumerNode::cb 10571154471 10571655598
ConsumerNode::timer_cb 10574582960 10576583866
LoggerNode::timer_cb 10578185877 10580187060
ProducerNode::timer_callback 10580882915 10581113295
ConsumerNode::cb 10581127711 10581628620
LoggerNode::cb 10581128728 10581629201
ConsumerNode::timer_cb 10584623201 10586626976
LoggerNode::timer_cb 10588204481 10590205687
ProducerNode::timer_callback 10590878783 10591125938
LoggerNode::cb 10591143433 10591644198
ConsumerNode::cb 10591143434 10591644374
ConsumerNode::timer_cb 10594617421 10596620560
LoggerNode::timer_cb 10598207089 10600208195
ProducerNode::timer_callback 10600850500 10601094934
ConsumerNode::cb 10601113360 10601614245
LoggerNode::cb 10601113910 10601614342
ConsumerNode::timer_cb 10604645831 10606649612
LoggerNode::timer_cb 10608207060 10610208237
ProducerNode::timer_callback 10610880804 10611127742
LoggerNode::cb 10611146269 10611646746
ConsumerNode::cb 10611146062 10611646815
ConsumerNode::timer_cb 10614622403 10616625776
LoggerNode::timer_cb 10618184084 10620185102
ProducerNode::timer_callback 10620880957 10621127782
ConsumerNode::cb 10621144414 10621645191
LoggerNode::cb 10621144993 10621645420
ConsumerNode::timer_cb 10624616389 10626620670
LoggerNode::timer_cb 10628186704 10630187913
ProducerNode::timer_callback 10630881995 10631128232
LoggerNode::cb 10631146153 10631646738
ConsumerNode::cb 10631146189 10631646887
ConsumerNode::timer_cb 10634664466 10636668198
LoggerNode::timer_cb 10638187754 10640188995
ProducerNode::timer_callback 10640878457 10641125378
LoggerNode::cb 10641143337 10641643894
ConsumerNode::cb 10641143262 10641643973
ConsumerNode::timer_cb 10644607091 10646611012
LoggerNode::timer_cb 10648192253 10650194335
ProducerNode::timer_callback 10650881742 10651129401
LoggerNode::cb 10651154817 10651655496
ConsumerNode::cb 10651154868 10651655586
ConsumerNode::timer_cb 10654622162 10656626780
LoggerNode::timer_cb 10658185522 10660187421
ProducerNode::timer_callback 10660884099 10661132822
LoggerNode::cb 10661154410 10661654919
ConsumerNode::cb 10661154067 10661655028
ConsumerNode::timer_cb 10664623263 10666626752
LoggerNode::timer_cb 10668206664 10670207884
ProducerNode::timer_callback 10670884431 10671130689
LoggerNode::cb 10671148849 10671649449
ConsumerNode::cb 10671148926 10671649610
ConsumerNode::timer_cb 10674622693 10676626217
LoggerNode::timer_cb 10678205920 10680207161
ProducerNode::timer_callback 10680878695 10681126046
LoggerNode::cb 10681144736 10681645343
ConsumerNode::cb 10681144738 10681645473
ConsumerNode::timer_cb 10684623415 10686626863
LoggerNode::timer_cb 10688186875 10690188376
ProducerNode::timer_callback 10690880718 10691127719
LoggerNode::cb 10691146964 10691647632
ConsumerNode::cb 10691146976 10691647720
ConsumerNode::timer_cb 10694615927 10696619713
LoggerNode::timer_cb 10698186881 10700187987
ProducerNode::timer_callback 10700877853 10701124948
LoggerNode::cb 10701142749 10701643369
ConsumerNode::cb 10701142842 10701643487
ConsumerNode::timer_cb 10704585788 10706586776
LoggerNode::timer_cb 10708172739 10710173776
ProducerNode::timer_callback 10710880090 10711097788
LoggerNode::cb 10711110888 10711611454
ConsumerNode::cb 10711111085 10711611704
ConsumerNode::timer_cb 10714584027 10716585055
LoggerNode::timer_cb 10718177248 10720178173
ProducerNode::timer_callback 10720884125 10721099910
LoggerNode::cb 10721113479 10721613962
ConsumerNode::cb 10721113287 10721614033
ConsumerNode::timer_cb 10724622998 10726626429
LoggerNode::timer_cb 10728192970 10730194228
ProducerNode::timer_callback 10730881360 10731128015
LoggerNode::cb 10731146174 10731646837
ConsumerNode::cb 10731146275 10731646927
ConsumerNode::timer_cb 10734621215 10736624482
LoggerNode::timer_cb 10738186858 10740188090
ProducerNode::timer_callback 10740878271 10741124434
LoggerNode::cb 10741142633 10741643232
ConsumerNode::cb 10741142635 10741643397
ConsumerNode::timer_cb 10744588683 10746589856
LoggerNode::timer_cb 10748177693 10750178657
ProducerNode::timer_callback 10750877866 10751098331
LoggerNode::cb 10751113976 10751614576
ConsumerNode::cb 10751114133 10751614771
ConsumerNode::timer_cb 10754647824 10756651177
LoggerNode::timer_cb 10758189353 10760190548
ProducerNode::timer_callback 10760852286 10761100317
LoggerNode::cb 10761118332 10761618981
ConsumerNode::cb 10761118371 10761619079
ConsumerNode::timer_cb 10764636044 10766639887
LoggerNode::timer_cb 10768191090 10770194653
ProducerNode::timer_callback 10770904168 10771152420
LoggerNode::cb 10771185269 10771686110
ConsumerNode::cb 10771204436 10771706163
ConsumerNode::timer_cb 10774582692 10776583331
LoggerNode::timer_cb 10778178362 10780179450
ProducerNode::timer_callback 10780892050 10781113438
LoggerNode::cb 10781126943 10781627442
ConsumerNode::cb 10781215981 10781717361
ConsumerNode::timer_cb 10784624268 10786627694
LoggerNode::timer_cb 10788184139 10790185265
ProducerNode::timer_callback 10790878120 10791123605
LoggerNode::cb 10791149957 10791650687
ConsumerNode::cb 10791163437 10791664862
ConsumerNode::timer_cb 10794616998 10796620777
LoggerNode::timer_cb 10798184596 10800185684
ProducerNode::timer_callback 10800881601 10801126007
LoggerNode::cb 10801150734 10801651332
ConsumerNode::cb 10801240479 10801742208
ConsumerNode::timer_cb 10804623765 10806627543
LoggerNode::timer_cb 10808185784 10810186980
ProducerNode::timer_callback 10810875944 10811119972
LoggerNode::cb 10811144549 10811645173
ConsumerNode::cb 10811227161 10811728597
ConsumerNode::timer_cb 10814648263 10816652128
LoggerNode::timer_cb 10818184719 10820185828
ProducerNode::timer_callback 10820879014 10821123559
LoggerNode::cb 10821147955 10821648561
ConsumerNode::cb 10821228817 10821730458
ConsumerNode::timer_cb 10824624116 10826627654
LoggerNode::timer_cb 10828183969 10830185160
ProducerNode::timer_callback 10830883251 10831127516
LoggerNode::cb 10831151731 10831652290
ConsumerNode::cb 10831235364 10831736745
ConsumerNode::timer_cb 10834623428 10836627432
LoggerNode::timer_cb 10838184873 10840185925
ProducerNode::timer_callback 10840879454 10841123103
LoggerNode::cb 10841147240 10841647829
ConsumerNode::cb 10841230271 10841731688
ConsumerNode::timer_cb 10844608075 10846611920
LoggerNode::timer_cb 10848191303 10850193276
ProducerNode::timer_callback 10850882367 10851127272
LoggerNode::cb 10851152338 10851652950
ConsumerNode::cb 10851237347 10851739213
ConsumerNode::timer_cb 10854623959 10856627544
LoggerNode::timer_cb 10858188859 10860190050
ProducerNode::timer_callback 10860876191 10861120829
LoggerNode::cb 10861146305 10861646945
ConsumerNode::cb 10861166187 10861667670
ConsumerNode::timer_cb 10864581197 10866581724
LoggerNode::timer_cb 10868177474 10870178410
ProducerNode::timer_callback 10870887433 10871103256
LoggerNode::cb 10871116840 10871617373
ConsumerNode::cb 10871205667 10871706866
ConsumerNode::timer_cb 10874590350 10876591659
LoggerNode::timer_cb 10878177550 10880178545
ProducerNode::timer_callback 10880878984 10881098463
LoggerNode::cb 10881112779 10881613311
ConsumerNode::cb 10881201560 10881702912
ConsumerNode::timer_cb 10884623567 10886627451
LoggerNode::timer_cb 10888186329 10890187446
ProducerNode::timer_callback 10890881155 10891126032
LoggerNode::cb 10891150303 10891650885
ConsumerNode::cb 10891236131 10891737798
ConsumerNode::timer_cb 10894616592 10896620029
LoggerNode::timer_cb 10898183730 10900184757
ProducerNode::timer_callback 10900882437 10901126835
LoggerNode::cb 10901151636 10901652201
ConsumerNode::cb 10901233041 10901734814
ConsumerNode::timer_cb 10904666793 10906670588
LoggerNode::timer_cb 10908164292 10910167446
ProducerNode::timer_callback 10910890023 10911137427
LoggerNode::cb 10911166349 10911667258
ConsumerNode::cb 10911166506 10911668079
ConsumerNode::timer_cb 10914619730 10916623544
LoggerNode::timer_cb 10918189991 10920191083
ProducerNode::timer_callback 10920877797 10921122552
LoggerNode::cb 10921146715 10921647294
ConsumerNode::cb 10921230718 10921732452
ConsumerNode::timer_cb 10924596981 10926598074
LoggerNode::timer_cb 10928175880 10930176869
ProducerNode::timer_callback 10930877784 10931094954
LoggerNode::cb 10931108020 10931608455
ConsumerNode::cb 10931201613 10931702877
ConsumerNode::timer_cb 10934623597 10936627036
LoggerNode::timer_cb 10938201626 10940202707
ProducerNode::timer_callback 10940878022 10941122773
LoggerNode::cb 10941146556 10941647146
ConsumerNode::cb 10941228879 10941730245
ConsumerNode::timer_cb 10944582675 10946583444
LoggerNode::timer_cb 10948175887 10950176934
ProducerNode::timer_callback 10950878477 10951102244
LoggerNode::cb 10951116579 10951617119
ConsumerNode::cb 10951206851 10951708181
ConsumerNode::timer_cb 10954627521 10956631307
LoggerNode::timer_cb 10958184962 10960186073
ProducerNode::timer_callback 10960880476 10961125722
LoggerNode::cb 10961148929 10961649594
ConsumerNode::cb 10961148946 10961650315
ConsumerNode::timer_cb 10964622607 10966626140
LoggerNode::timer_cb 10968166380 10970168372
ProducerNode::timer_callback 10970888208 10971137649
LoggerNode::cb 10971172325 10971673314
ConsumerNode::cb 10971191534 10971693194
ConsumerNode::timer_cb 10974594033 10976595878
LoggerNode::timer_cb 10978198647 10980200304
ProducerNode::timer_callback 10980882604 10981121604
LoggerNode::cb 10981142463 10981643032
ConsumerNode::cb 10981224576 10981725971
ConsumerNode::timer_cb 10984623700 10986627364
LoggerNode::timer_cb 10988187923 10990189277
ProducerNode::timer_callback 10990879420 10991123779
LoggerNode::cb 10991148223 10991648857
ConsumerNode::cb 10991229807 10991731216
ConsumerNode::timer_cb 10994588413 10996589599
LoggerNode::timer_cb 10998178056 11000178995
ProducerNode::timer_callback 11000877738 11001097831
LoggerNode::cb 11001111722 11001612219
ConsumerNode::cb 11001203402 11001704813
ConsumerNode::timer_cb 11004645574 11006649096
LoggerNode::timer_cb 11008184572 11010185742
ProducerNode::timer_callback 11010880327 11011125166
LoggerNode::cb 11011150816 11011651587
ConsumerNode::cb 11011151159 11011652752
ConsumerNode::timer_cb 11014659906 11016664218
LoggerNode::timer_cb 11018184343 11020185377
ProducerNode::timer_callback 11020878230 11021122649
LoggerNode::cb 11021146646 11021647275
ConsumerNode::cb 11021227400 11021728967
ConsumerNode::timer_cb 11024622658 11026626547
LoggerNode::timer_cb 11028184651 11030185714
ProducerNode::timer_callback 11030880236 11031124364
LoggerNode::cb 11031148834 11031649442
ConsumerNode::cb 11031228670 11031730079
ConsumerNode::timer_cb 11034623818 11036627692
LoggerNode::timer_cb 11038209741 11040210832
ProducerNode::timer_callback 11040878961 11041122145
LoggerNode::cb 11041146362 11041647026
ConsumerNode::cb 11041229621 11041731039
ConsumerNode::timer_cb 11044615838 11046620796
LoggerNode::timer_cb 11048200056 11050202534
ProducerNode::timer_callback 11050878965 11051125413
LoggerNode::cb 11051150658 11051651201
ConsumerNode::cb 11051234267 11051735846
ConsumerNode::timer_cb 11054623420 11056627197
LoggerNode::timer_cb 11058189444 11060190710
ProducerNode::timer_callback 11060881677 11061125778
LoggerNode::cb 11061150066 11061650774
ConsumerNode::cb 11061233148 11061734667
ConsumerNode::timer_cb 11064587057 11066588024
LoggerNode::timer_cb 11068175813 11070176770
ProducerNode::timer_callback 11070879183 11071093609
LoggerNode::cb 11071107158 11071607746
ConsumerNode::cb 11071203076 11071704263
ConsumerNode::timer_cb 11074592801 11076594149
LoggerNode::timer_cb 11078144877 11080145877
ProducerNode::timer_callback 11080877884 11081094835
LoggerNode::cb 11081108704 11081609227
ConsumerNode::cb 11081203392 11081704666
ConsumerNode::timer_cb 11084587087 11086588084
LoggerNode::timer_cb 11088195491 11090196541
ProducerNode::timer_callback 11090879465 11091096088
LoggerNode::cb 11091109623 11091610183
ConsumerNode::cb 11091200847 11091702103
ConsumerNode::timer_cb 11094588690 11096589897
LoggerNode::timer_cb 11098173849 11100174765
ProducerNode::timer_callback 11100877583 11101095000
LoggerNode::cb 11101108489 11101608955
ConsumerNode::cb 11101198010 11101699360
ConsumerNode::timer_cb 11104622925 11106626392
LoggerNode::timer_cb 11108205364 11110206594
ProducerNode::timer_callback 11110880954 11111125373
LoggerNode::cb 11111148971 11111649639
ConsumerNode::cb 11111231530 11111733129
ConsumerNode::timer_cb 11114682692 11116686556
LoggerNode::timer_cb 11118185180 11120186283
ProducerNode::timer_callback 11120877958 11121121831
LoggerNode::cb 11121146274 11121646856
ConsumerNode::cb 11121231118 11121732680
ConsumerNode::timer_cb 11124623446 11126627588
LoggerNode::timer_cb 11128175424 11130176613
ProducerNode::timer_callback 11130879563 11131123264
LoggerNode::cb 11131148012 11131648583
ConsumerNode::cb 11131232220 11131733561
ConsumerNode::timer_cb 11134644165 11136647976
LoggerNode::timer_cb 11138185555 11140186657
ProducerNode::timer_callback 11140879197 11141123546
LoggerNode::cb 11141148597 11141649207
ConsumerNode::cb 11141228308 11141729727
ConsumerNode::timer_cb 11144587829 11146589024
LoggerNode::timer_cb 11148178807 11150179780
ProducerNode::timer_callback 11150878548 11151100610
LoggerNode::cb 11151114780 11151615341
ConsumerNode::cb 11151220837 11151722179
ConsumerNode::timer_cb 11154582063 11156582936
LoggerNode::timer_cb 11158207491 11160209273
ProducerNode::timer_callback 11160882804 11161121092
LoggerNode::cb 11161144667 11161645320
ConsumerNode::cb 11161174524 11161676339
ConsumerNode::timer_cb 11164676316 11166680353
LoggerNode::timer_cb 11168187014 11170188237
ProducerNode::timer_callback 11170859715 11171120329
ConsumerNode::cb 11171145831 11171647458
LoggerNode::cb 11171151545 11171652583
ConsumerNode::timer_cb 11174622208 11176626686
LoggerNode::timer_cb 11178161348 11180162822
ProducerNode::timer_callback 11180882988 11181128760
LoggerNode::cb 11181158206 11181658952
ConsumerNode::cb 11181232786 11181734415
ConsumerNode::timer_cb 11184622814 11186626214
LoggerNode::timer_cb 11188206469 11190207673
ProducerNode::timer_callback 11190880925 11191125387
LoggerNode::cb 11191152516 11191653128
ConsumerNode::cb 11191233115 11191734793
ConsumerNode::timer_cb 11194587403 11196588370
LoggerNode::timer_cb 11198200049 11200201052
ProducerNode::timer_callback 11200882272 11201102020
LoggerNode::cb 11201119274 11201619865
ConsumerNode::cb 11201205798 11201706893
ConsumerNode::timer_cb 11204623725 11206627147
LoggerNode::timer_cb 11208310196 11210312909
ProducerNode::timer_callback 11210901413 11211147205
LoggerNode::cb 11211175600 11211676391
ConsumerNode::cb 11211266097 11211767850
ConsumerNode::timer_cb 11214622544 11216625891
LoggerNode::timer_cb 11218187901 11220189075
ProducerNode::timer_callback 11220883710 11221128045
LoggerNode::cb 11221155201 11221655795
ConsumerNode::cb 11221237523 11221739066
ConsumerNode::timer_cb 11224587884 11226589063
LoggerNode::timer_cb 11228197499 11230198851
ProducerNode::timer_callback 11230882939 11231117422
LoggerNode::cb 11231139121 11231639729
ConsumerNode::cb 11231223580 11231724721
ConsumerNode::timer_cb 11234582185 11236582876
LoggerNode::timer_cb 11238175347 11240176348
ProducerNode::timer_callback 11240879624 11241094560
LoggerNode::cb 11241110971 11241611625
ConsumerNode::cb 11241114959 11241616128
ConsumerNode::timer_cb 11244623158 11246629204
LoggerNode::timer_cb 11248191317 11250194118
ProducerNode::timer_callback 11250884204 11251132162
LoggerNode::cb 11251163185 11251663999
ConsumerNode::cb 11251246043 11251747992
ConsumerNode::timer_cb 11254624344 11256627983
LoggerNode::timer_cb 11258204445 11260205706
ProducerNode::timer_callback 11260883886 11261129624
LoggerNode::cb 11261159933 11261660752
ConsumerNode::cb 11261169421 11261671156
ConsumerNode::timer_cb 11264582206 11266582863
LoggerNode::timer_cb 11268212930 11270213943
ProducerNode::timer_callback 11270881699 11271097065
LoggerNode::cb 11271114385 11271615025
ConsumerNode::cb 11271200913 11271702182
ConsumerNode::timer_cb 11274656693 11276660063
LoggerNode::timer_cb 11278188859 11280189913
ProducerNode::timer_callback 11280881251 11281126374
LoggerNode::cb 11281154688 11281655383
ConsumerNode::cb 11281231962 11281733613
ConsumerNode::timer_cb 11284623762 11286627227
LoggerNode::timer_cb 11288205834 11290207087
ProducerNode::timer_callback 11290883033 11291128510
LoggerNode::cb 11291156890 11291657576
ConsumerNode::cb 11291249723 11291751208
ConsumerNode::timer_cb 11294622518 11296625897
LoggerNode::timer_cb 11298187536 11300188783
ProducerNode::timer_callback 11300881783 11301126278
LoggerNode::cb 11301154272 11301654981
ConsumerNode::cb 11301232583 11301734151
ConsumerNode::timer_cb 11304674308 11306677864
LoggerNode::timer_cb 11308191278 11310192550
ProducerNode::timer_callback 11310881919 11311126103
LoggerNode::cb 11311154822 11311655447
ConsumerNode::cb 11311170403 11311672374
ConsumerNode::timer_cb 11314654966 11316658424
LoggerNode::timer_cb 11318191141 11320192335
ProducerNode::timer_callback 11320887824 11321132130
LoggerNode::cb 11321159573 11321660263
ConsumerNode::cb 11321241317 11321742941
ConsumerNode::timer_cb 11324650206 11326653823
LoggerNode::timer_cb 11328187124 11330188386
ProducerNode::timer_callback 11330888826 11331134188
LoggerNode::cb 11331162613 11331663258
ConsumerNode::cb 11331246877 11331748238
ConsumerNode::timer_cb 11334623767 11336627647
LoggerNode::timer_cb 11338322485 11340324600
ProducerNode::timer_callback 11340892921 11341137685
LoggerNode::cb 11341167840 11341668594
ConsumerNode::cb 11341190467 11341692162
ConsumerNode::timer_cb 11344586520 11346587579
LoggerNode::timer_cb 11348176401 11350177325
ProducerNode::timer_callback 11350886198 11351104368
LoggerNode::cb 11351121434 11351622009
ConsumerNode::cb 11351210342 11351711573
ConsumerNode::timer_cb 11354582432 11356583128
LoggerNode::timer_cb 11358174253 11360175816
ProducerNode::timer_callback 11360884118 11361100820
LoggerNode::cb 11361118277 11361618990
ConsumerNode::cb 11361212111 11361713235
ConsumerNode::timer_cb 11364623276 11366626583
LoggerNode::timer_cb 11368204893 11370206080
ProducerNode::timer_callback 11370880811 11371125262
LoggerNode::cb 11371152549 11371653173
ConsumerNode::cb 11371229256 11371730875
ConsumerNode::timer_cb 11374601564 11376604706
LoggerNode::timer_cb 11378195445 11380197664
ProducerNode::timer_callback 11380886293 11381132687
LoggerNode::cb 11381163767 11381664543
ConsumerNode::cb 11381176591 11381678131
ConsumerNode::timer_cb 11384623880 11386627322
LoggerNode::timer_cb 11388216911 11390218591
ProducerNode::timer_callback 11390898771 11391145254
LoggerNode::cb 11391176273 11391677084
ConsumerNode::cb 11391262757 11391764752
ConsumerNode::timer_cb 11394584341 11396585311
LoggerNode::timer_cb 11398209062 11400210362
ProducerNode::timer_callback 11400887257 11401116116
LoggerNode::cb 11401134767 11401635383
ConsumerNode::cb 11401227684 11401728799
ConsumerNode::timer_cb 11404665110 11406668960
LoggerNode::timer_cb 11408191792 11410193784
ProducerNode::timer_callback 11410891208 11411139294
LoggerNode::cb 11411170805 11411671672
ConsumerNode::cb 11411183344 11411685028
ConsumerNode::timer_cb 11414623486 11416626955
LoggerNode::timer_cb 11418209842 11420211094
ProducerNode::timer_callback 11420883527 11421127889
LoggerNode::cb 11421155493 11421656128
ConsumerNode::cb 11421233284 11421734885
ConsumerNode::timer_cb 11424661435 11426665274
LoggerNode::timer_cb 11428218758 11430221058
ProducerNode::timer_callback 11430859130 11431108449
LoggerNode::cb 11431126830 11431627388
ConsumerNode::cb 11431126642 11431627420
ConsumerNode::timer_cb 11434579495 11436580072
LoggerNode::timer_cb 11438183761 11440184788
ProducerNode::timer_callback 11440877050 11441094373
LoggerNode::cb 11441107290 11441607749
ConsumerNode::cb 11441107220 11441607922
ConsumerNode::timer_cb 11444614347 11446619395
LoggerNode::timer_cb 11448190321 11450192007
ProducerNode::timer_callback 11450882474 11451132007
LoggerNode::cb 11451155638 11451656171
ConsumerNode::cb 11451155283 11451656277
ConsumerNode::timer_cb 11454581061 11456581728
LoggerNode::timer_cb 11458190530 11460191328
ProducerNode::timer_callback 11460881754 11461109678
LoggerNode::cb 11461123845 11461624292
ConsumerNode::cb 11461123458 11461624231
ConsumerNode::timer_cb 11464583579 11466584564
LoggerNode::timer_cb 11468181332 11470182334
ProducerNode::timer_callback 11470887801 11471109623
ConsumerNode::cb 11471122011 11471622831
LoggerNode::cb 11471123097 11471623530
ConsumerNode::timer_cb 11474619350 11476622854
LoggerNode::timer_cb 11478196078 11480197413
ProducerNode::timer_callback 11480885443 11481130183
LoggerNode::cb 11481148323 11481648993
ConsumerNode::cb 11481148331 11481649014
ConsumerNode::timer_cb 11484622672 11486626476
LoggerNode::timer_cb 11488210413 11490211930
ProducerNode::timer_callback 11490880492 11491126773
LoggerNode::cb 11491145151 11491645756
ConsumerNode::cb 11491145287 11491645973
ConsumerNode::timer_cb 11494584820 11496586170
LoggerNode::timer_cb 11498196549 11500197324
ProducerNode::timer_callback 11500877364 11501101083
LoggerNode::cb 11501113831 11501614347
ConsumerNode::cb 11501114027 11501614633
ConsumerNode::timer_cb 11504667229 11506671384
LoggerNode::timer_cb 11508204436 11510205460
ProducerNode::timer_callback 11510877080 11511123749
LoggerNode::cb 11511141747 11511642356
ConsumerNode::cb 11511141707 11511642437
ConsumerNode::timer_cb 11514622977 11516626720
LoggerNode::timer_cb 11518185823 11520187087
ProducerNode::timer_callback 11520878527 11521125686
LoggerNode::cb 11521143885 11521644484
ConsumerNode::cb 11521143883 11521644631
ConsumerNode::timer_cb 11524664582 11526668053
LoggerNode::timer_cb 11528185531 11530186763
ProducerNode::timer_callback 11530878793 11531125078
LoggerNode::cb 11531143291 11531643893
ConsumerNode::cb 11531143307 11531643978
ConsumerNode::timer_cb 11534622681 11536626437
LoggerNode::timer_cb 11538208550 11540209784
ProducerNode::timer_callback 11540878507 11541126229
ConsumerNode::cb 11541144361 11541645222
LoggerNode::cb 11541144936 11541645411
ConsumerNode::timer_cb 11544585948 11546587024
LoggerNode::timer_cb 11548180722 11550181599
ProducerNode::timer_callback 11550878816 11551106041
LoggerNode::cb 11551120140 11551620598
ConsumerNode::cb 11551119966 11551620661
ConsumerNode::timer_cb 11554585624 11556586643
LoggerNode::timer_cb 11558171508 11560172405
ProducerNode::timer_callback 11560878617 11561097978
LoggerNode::cb 11561110631 11561611195
ConsumerNode::cb 11561110652 11561611281
ConsumerNode::timer_cb 11564623809 11566627601
LoggerNode::timer_cb 11568202056 11570203117
ProducerNode::timer_callback 11570881059 11571128086
LoggerNode::cb 11571147749 11571648395
ConsumerNode::cb 11571147745 11571648528
ConsumerNode::timer_cb 11574585854 11576587929
LoggerNode::timer_cb 11578196431 11580199527
ProducerNode::timer_callback 11580894170 11581144279
LoggerNode::cb 11581170952 11581671625
ConsumerNode::cb 11581171031 11581672509
ConsumerNode::timer_cb 11584580108 11586580757
LoggerNode::timer_cb 11588171490 11590172124
ProducerNode::timer_callback 11590875492 11591094255
LoggerNode::cb 11591109006 11591609534
ConsumerNode::cb 11591109132 11591609903
ConsumerNode::timer_cb 11594592722 11596594312
LoggerNode::timer_cb 11598201273 11600202217
ProducerNode::timer_callback 11600877068 11601098953
LoggerNode::cb 11601113529 11601614104
ConsumerNode::cb 11601113715 11601614389
ConsumerNode::timer_cb 11604622464 11606625935
LoggerNode::timer_cb 11608191147 11610192236
ProducerNode::timer_callback 11610885451 11611132635
LoggerNode::cb 11611150321 11611650932
ConsumerNode::cb 11611150306 11611651094
